id,trip_id,sequence_no,driver_id,hub_from_id,hub_to_id,distance_km,estimated_minutes,avg_speed_kmph,status,started_at,ended_at
4fcf0c4c-39db-4232-8b38-bf84dd038ee6,efd25c25-454d-46ca-9e9a-3833619795d6,0,0f7a5a1e-c1b1-4db5-b7bc-22c0b78c5171,,,244.4,344.9,43.8,completed,2026-09-05T02:51:20.263207,2026-09-05T08:36:11.739918
7a19578d-9805-4ade-af2b-c0325be033f0,c639fbff-9171-4716-895b-f75c9629f2a1,0,7c1ae16d-496a-4d0f-b401-8ae3e76b86ab,,2ddf4880-95a6-4875-857d-f1d095b7fc48,540.9,875.2,33.3,completed,2026-09-04T01:51:20.265064,2026-09-04T16:26:32.495361
620622b9-a6e9-478f-9d23-2cc79ffd8fd7,c639fbff-9171-4716-895b-f75c9629f2a1,1,69b345b3-ec55-408a-978c-9b0062c84f4a,2ddf4880-95a6-4875-857d-f1d095b7fc48,faa81e93-f79d-4d3d-9240-87cdf9df3633,376.4,545.9,42.2,completed,2026-09-04T16:26:32.495361,2026-09-05T01:32:26.099209
3d46e329-e7b0-4fdf-8206-da4cbf29cd19,c639fbff-9171-4716-895b-f75c9629f2a1,2,7c1ae16d-496a-4d0f-b401-8ae3e76b86ab,faa81e93-f79d-4d3d-9240-87cdf9df3633,,422.9,672.3,39.5,completed,2026-09-05T01:32:26.099209,2026-09-05T12:44:45.752446
5d8a09a2-6207-4028-ab94-62e876b3d19c,8001df3a-08b6-4fa5-9823-43a4b730ad42,0,18302a3a-1801-411a-8579-869b4ba4edff,,,120.2,203.0,40.6,completed,2026-09-08T08:51:20.269808,2026-09-08T12:14:23.043476
b7dd98b3-39b5-455f-bc61-a89881b0b4c7,45020081-e260-4c9e-9c5f-a5ae2c119b0b,0,6d65ee0b-0d87-4816-9b43-1e74af2b76bd,,,178.1,201.9,46.2,completed,2026-09-07T03:51:20.271142,2026-09-07T07:13:17.105294
66716ac8-e7c3-4613-9450-d29a5ddfb40e,3119c52e-a0a1-4794-b01f-99dd5b3ddbed,0,66e7f631-029c-4810-92a9-8026854edd3f,,faa81e93-f79d-4d3d-9240-87cdf9df3633,376.4,662.8,38.5,completed,2026-09-05T14:51:20.272549,2026-09-06T01:54:06.821746
ea766361-4323-4cc1-9bfb-d159207b1c2d,3119c52e-a0a1-4794-b01f-99dd5b3ddbed,1,69b345b3-ec55-408a-978c-9b0062c84f4a,faa81e93-f79d-4d3d-9240-87cdf9df3633,,422.9,627.1,42.4,completed,2026-09-06T01:54:06.821746,2026-09-06T12:21:13.348328
6b864dc7-fc2f-4825-899a-b63226018676,3ef2bd11-186b-4af5-9f61-40fe93be1782,0,bda819c9-5bc1-45c0-b673-47f1f8fc1da8,,,505.8,712.2,40.6,completed,2026-09-08T09:51:20.275477,2026-09-08T21:43:32.810960
7a13cdfb-3239-40e7-95a3-faed480b7386,b02f4683-a8aa-46d0-b13d-12d0981a4cf2,0,26501679-586c-4236-a890-97e1687dc818,,,970.1,1270.1,39.3,completed,2026-09-06T05:51:20.277475,2026-09-07T03:01:27.756769
bff1f56b-2c0a-4507-9315-c27f886d3949,676b4666-d6da-456a-9b7d-60b8eda8d5a7,0,9db88e80-6a44-4430-b307-494694355bcb,,8fba1efa-7c25-4a5b-b271-bb1ac4460664,505.8,756.7,43.7,completed,2026-09-03T16:51:20.279769,2026-09-04T05:28:03.809847
3a6b07fb-2433-440d-9973-051354b082a4,676b4666-d6da-456a-9b7d-60b8eda8d5a7,1,3fc247b8-f090-4cea-81a6-9112ffe9f796,8fba1efa-7c25-4a5b-b271-bb1ac4460664,,120.2,162.0,48.2,completed,2026-09-04T05:28:03.809847,2026-09-04T08:10:03.564176
802f4046-65e2-4053-8e1e-75054e249a16,61236dd4-e2f1-45de-9846-9a98eab2aecc,0,3fc247b8-f090-4cea-81a6-9112ffe9f796,,,422.9,796.5,39.9,completed,2026-09-08T20:51:20.282683,2026-09-09T10:07:50.102520
2f2da2c0-60b8-4512-9756-6bfdb843f3b4,1b761564-ee92-489f-8f61-9ba7655bb5e9,0,463a85e7-e033-4bec-a267-bfa7aa85640d,,,235.3,340.1,37.5,completed,2026-09-03T16:51:20.285602,2026-09-03T22:31:25.422454
dca47efc-10b5-46f2-8336-2be083446d8b,2fcfe58b-49ae-4050-8e1c-4e5cb93e44b2,0,310f7ff6-c724-4278-b409-74d1ab8bf019,,c2f4b9b4-48ee-4746-958f-6169ba532344,178.1,280.4,44.5,completed,2026-09-04T18:51:20.287249,2026-09-04T23:31:44.043073
af610934-448f-4b6e-894b-d5fefbc6a5fa,2fcfe58b-49ae-4050-8e1c-4e5cb93e44b2,1,083714ac-54b3-4d64-bc00-704dc355b5f8,c2f4b9b4-48ee-4746-958f-6169ba532344,2ddf4880-95a6-4875-857d-f1d095b7fc48,540.9,829.3,43.6,completed,2026-09-04T23:31:44.043073,2026-09-05T13:21:02.090665
a1484df6-8a4b-4a76-b471-adb98b2f6349,2fcfe58b-49ae-4050-8e1c-4e5cb93e44b2,2,b41f802e-0393-409e-935b-003cfa28c0bd,2ddf4880-95a6-4875-857d-f1d095b7fc48,faa81e93-f79d-4d3d-9240-87cdf9df3633,376.4,377.6,52.5,completed,2026-09-05T13:21:02.090665,2026-09-05T19:38:37.925489
aa8c42cf-54e2-4707-9b70-b10334beb567,2fcfe58b-49ae-4050-8e1c-4e5cb93e44b2,3,8462dc55-59d5-47f4-8209-5f47c6bf99ca,faa81e93-f79d-4d3d-9240-87cdf9df3633,,422.9,707.7,39.6,completed,2026-09-05T19:38:37.925489,2026-09-06T07:26:17.836055
c0a844c1-a56e-4f96-9a88-6025df70a67f,f10ce9bb-1830-4cee-bc2b-ac97e3c9154e,0,083714ac-54b3-4d64-bc00-704dc355b5f8,,8fba1efa-7c25-4a5b-b271-bb1ac4460664,505.8,794.3,39.0,completed,2026-09-07T17:51:20.292965,2026-09-08T07:05:39.971932
fbd38a3a-b54c-4e2a-9b5b-e22b71825338,f10ce9bb-1830-4cee-bc2b-ac97e3c9154e,1,894888f1-c248-403f-aca9-cddaac265db4,8fba1efa-7c25-4a5b-b271-bb1ac4460664,,120.2,166.6,44.2,completed,2026-09-08T07:05:39.971932,2026-09-08T09:52:13.651818
7c35c122-e154-4101-b1ff-36faf202c1af,a1dbeb6f-c68e-4f98-83f4-f1919e111e8a,0,ade5ec49-869b-47d3-b852-1a9ceedbe841,,9e7e9588-92a7-42c9-9eef-e79c1acf67b7,207.7,275.2,43.7,completed,2026-09-05T11:51:20.295359,2026-09-05T16:26:34.673971
41b9175f-b076-4a16-a01a-32b1ed585b96,a1dbeb6f-c68e-4f98-83f4-f1919e111e8a,1,d265c88a-1052-4bc1-b426-bc9a3e77f666,9e7e9588-92a7-42c9-9eef-e79c1acf67b7,5dbdf32d-78de-4094-b415-861af0ca99a2,540.5,714.0,49.0,completed,2026-09-05T16:26:34.673971,2026-09-06T04:20:32.782088
57e677b7-6ff8-444a-b877-bbdeb8c1baad,a1dbeb6f-c68e-4f98-83f4-f1919e111e8a,2,a2de8edd-b399-484f-8151-3a5ef1d893b0,5dbdf32d-78de-4094-b415-861af0ca99a2,,235.3,363.6,47.4,completed,2026-09-06T04:20:32.782088,2026-09-06T10:24:05.851698
8bc9de26-81c6-4c06-8d44-55255024b0df,2754b607-62ff-4ff3-9104-dbfe505cd22b,0,c787e085-877f-4d78-a2c0-2d7e54816f5c,,2ddf4880-95a6-4875-857d-f1d095b7fc48,540.9,633.2,45.6,completed,2026-09-08T02:51:20.298873,2026-09-08T13:24:34.703289
5c7933c9-9300-4a8d-bbfd-ef3cb38546b3,2754b607-62ff-4ff3-9104-dbfe505cd22b,1,eef8d72c-0ab6-40fa-a165-615edc5821f1,2ddf4880-95a6-4875-857d-f1d095b7fc48,faa81e93-f79d-4d3d-9240-87cdf9df3633,376.4,569.0,41.8,completed,2026-09-08T13:24:34.703289,2026-09-08T22:53:33.264864
168ad23d-abef-49cd-bf5a-ce837502f815,2754b607-62ff-4ff3-9104-dbfe505cd22b,2,5a546a9f-4ddf-4c19-9b83-d659726fc137,faa81e93-f79d-4d3d-9240-87cdf9df3633,288de4cd-bf1a-4a25-847c-68865d138b36,422.9,446.4,48.3,completed,2026-09-08T22:53:33.264864,2026-09-09T06:19:57.660834
7aa02893-9551-4a3b-bdee-09507e0d930e,2754b607-62ff-4ff3-9104-dbfe505cd22b,3,af78bf6c-b541-45e3-93dd-9a69ae91a9ae,288de4cd-bf1a-4a25-847c-68865d138b36,,500.0,1044.7,35.6,completed,2026-09-09T06:19:57.660834,2026-09-09T23:44:41.347834
4e1600a2-6321-40c8-8826-571be6123259,a6b23575-52eb-4a6f-bafb-25a1798c1e8e,0,1f148489-0bcb-4470-8354-42eed5c4f971,,faa81e93-f79d-4d3d-9240-87cdf9df3633,422.9,734.3,40.0,completed,2026-09-07T05:51:20.304019,2026-09-07T18:05:41.206017
042c7d32-8edc-4740-bab9-dd6fe9afe1b0,a6b23575-52eb-4a6f-bafb-25a1798c1e8e,1,0b6812d6-5270-4d50-bba5-1cd2f77ebe2e,faa81e93-f79d-4d3d-9240-87cdf9df3633,2ddf4880-95a6-4875-857d-f1d095b7fc48,376.4,499.0,47.8,completed,2026-09-07T18:05:41.206017,2026-09-08T02:24:42.929989
3255276f-e23f-475e-9b42-c6873186be99,a6b23575-52eb-4a6f-bafb-25a1798c1e8e,2,66e7f631-029c-4810-92a9-8026854edd3f,2ddf4880-95a6-4875-857d-f1d095b7fc48,c2f4b9b4-48ee-4746-958f-6169ba532344,540.9,982.2,38.8,completed,2026-09-08T02:24:42.929989,2026-09-08T18:46:52.743198
5aa2e2e3-a9cf-4e35-8563-4218f8fa326b,a6b23575-52eb-4a6f-bafb-25a1798c1e8e,3,69b345b3-ec55-408a-978c-9b0062c84f4a,c2f4b9b4-48ee-4746-958f-6169ba532344,,178.1,382.4,26.2,completed,2026-09-08T18:46:52.743198,2026-09-09T01:09:14.018958
3d93fe1b-e956-4cfd-9f78-5bb5c22bc4cd,3e06902c-652c-415e-93f3-31c0f7c5b45d,0,3fc6f138-6045-4882-8a16-2692f69d4228,,,244.4,317.7,43.0,completed,2026-09-05T14:51:20.309138,2026-09-05T20:09:02.376421
735b4eb9-bf68-426d-a4d1-990fde97e749,7ba4808c-2c2a-4d45-8b20-3d65afd7e3ae,0,6be0475c-e19c-4d4f-aced-f1b613d87548,,,120.2,150.4,52.4,completed,2026-09-03T15:51:20.310567,2026-09-03T18:21:42.494241
df74e5f1-6303-477e-8a7e-e91be4f1ac05,b199014e-c8c0-41f3-9bb6-e99da881c365,0,463a85e7-e033-4bec-a267-bfa7aa85640d,,,293.4,420.7,36.3,completed,2026-09-08T15:51:20.311649,2026-09-08T22:52:03.752484
6e2cf212-815b-4016-b4b1-ce7faf38c840,49fc4b6e-ff31-4d4e-a9a8-f633d9b3f2fd,0,26501679-586c-4236-a890-97e1687dc818,,,120.2,157.2,34.7,completed,2026-09-08T21:51:20.313020,2026-09-09T00:28:30.587355
92184563-6ecd-4ad3-ab25-f3289bd13452,f3804879-7198-4371-adfc-0b68958734fd,0,2d28751d-70ba-4487-82d5-095cea62b22f,,,422.9,765.4,41.5,completed,2026-09-03T16:51:20.314358,2026-09-04T05:36:46.761781
0fcf4f59-7d69-48a9-9f74-a15486fd9970,62704371-123b-4455-a471-0cb9e1bc4b1a,0,4c8a509f-04a9-4a9e-95f2-50c885ca0979,,,540.9,882.5,40.0,completed,2026-09-05T05:51:20.316292,2026-09-05T20:33:48.472668
97078865-9d12-492e-a3e6-97bd378cb043,900c772b-766b-42ef-b0c8-129c1ccf10d7,0,3fc247b8-f090-4cea-81a6-9112ffe9f796,,,970.1,1661.1,45.8,completed,2026-09-06T23:51:20.318584,2026-09-08T03:32:24.970892
29e946e6-b647-4c09-9443-20b8bfc92f57,60174973-cba4-495e-810f-79e378dfb3fe,0,90ef76ca-622f-43be-be2f-27f0a925941a,,,75.3,117.5,32.4,completed,2026-09-03T21:51:20.322324,2026-09-03T23:48:50.056156
07547b3a-f95d-4e3e-8806-8b93c4025170,248ec5ba-37b2-462b-af45-39005d0461e6,0,66e7f631-029c-4810-92a9-8026854edd3f,,,688.0,1229.1,41.8,completed,2026-09-08T05:51:20.324232,2026-09-09T02:20:27.818838
b33b7221-6cd6-4b05-9cd4-7ecb0dd1deed,886d0ab5-4a9b-4950-a585-d8d68e0be93c,0,6d65ee0b-0d87-4816-9b43-1e74af2b76bd,,c2f4b9b4-48ee-4746-958f-6169ba532344,178.1,338.1,31.7,completed,2026-09-02T22:51:20.326875,2026-09-03T04:29:24.908883
55c2bd6c-d70e-4730-8e28-22b70d7d141c,886d0ab5-4a9b-4950-a585-d8d68e0be93c,1,f0496c8a-1f5c-4cdb-b570-7a6925cd94f7,c2f4b9b4-48ee-4746-958f-6169ba532344,,540.9,642.0,42.2,completed,2026-09-03T04:29:24.908883,2026-09-03T15:11:24.154496
ab337f11-92f2-402b-ba0c-083f947ca734,87eb2522-e4f9-4f44-8c1b-b461a09ffc74,0,8b1e91b6-790d-4773-851a-de018a249cec,,,540.9,612.5,53.2,completed,2026-09-03T13:51:20.329862,2026-09-04T00:03:48.470790
f536ca3f-a1ad-4b7c-906f-4bef445f5478,09f39325-934b-471f-b59e-2bd4273c59b0,0,2d28751d-70ba-4487-82d5-095cea62b22f,,c2f4b9b4-48ee-4746-958f-6169ba532344,244.4,358.8,36.5,completed,2026-09-07T08:51:20.331793,2026-09-07T14:50:10.629480
aecfa63c-c5c7-4dbb-991a-e56cfa89afef,09f39325-934b-471f-b59e-2bd4273c59b0,1,6be0475c-e19c-4d4f-aced-f1b613d87548,c2f4b9b4-48ee-4746-958f-6169ba532344,,178.1,257.7,50.3,completed,2026-09-07T14:50:10.629480,2026-09-07T19:07:55.086840
53f9b201-9ef3-45ce-9fc3-d474d691aae4,3f1b6d61-91c8-4c09-b64b-174151917066,0,f90f6baa-4c59-416d-9cdd-708265156686,,,970.1,1480.9,45.3,completed,2026-09-03T23:51:20.333827,2026-09-05T00:32:15.455714
d34c80d0-5284-4bcc-a1a1-8c2a57dd3696,73f667d6-dfba-4207-8471-1471e0fa3f2d,0,aecd6e72-018b-448f-a8dd-3e84d11fdeea,,,505.8,819.4,36.9,completed,2026-09-05T05:51:20.336609,2026-09-05T19:30:46.947015
01c6dce9-0293-43ba-a86d-bcc5a3c349f1,abcc1269-7d22-4322-9c5e-ad8c3e27f61a,0,f90f6baa-4c59-416d-9cdd-708265156686,,,688.0,940.9,40.3,completed,2026-09-03T02:51:20.339733,2026-09-03T18:32:12.861273
4be4dabd-ff95-45bb-b90e-aa00835ef001,5186df5f-6ed8-4587-a5e8-730e82c8e9ed,0,6478d1df-2c1f-4f3c-aa1e-03fde769c1f7,,,505.8,753.3,32.3,completed,2026-09-08T17:51:20.341717,2026-09-09T06:24:39.415111
d21aa981-6697-4bbc-89e7-cf4b7f788c3d,89cc8959-51d0-45b5-ac54-8ff1227f2b4c,0,69b345b3-ec55-408a-978c-9b0062c84f4a,,a30de39d-9e98-4258-b754-758c8da83902,90.0,144.5,36.1,completed,2026-09-06T20:51:20.343575,2026-09-06T23:15:51.051674
7c46bbf3-0c74-41b7-8145-5e913d9ab05f,89cc8959-51d0-45b5-ac54-8ff1227f2b4c,1,69dc6351-3e90-4155-9ccd-371b5c0cdbf3,a30de39d-9e98-4258-b754-758c8da83902,,285.8,540.5,28.0,completed,2026-09-06T23:15:51.051674,2026-09-07T08:16:22.760864
f584c020-87cf-417d-aa7b-f938e9f50627,56d7b728-fe0a-464b-bce4-7af2983d5b6d,0,b05b01d0-a319-4a48-8fe3-e2a08529ea69,,faa81e93-f79d-4d3d-9240-87cdf9df3633,422.9,575.8,49.9,completed,2026-09-08T19:51:20.346059,2026-09-09T05:27:08.622589
44084738-105d-4267-9502-e335427cb14a,56d7b728-fe0a-464b-bce4-7af2983d5b6d,1,0eefecd2-5b8c-4f61-ae34-838b16b53659,faa81e93-f79d-4d3d-9240-87cdf9df3633,2ddf4880-95a6-4875-857d-f1d095b7fc48,376.4,436.5,41.0,completed,2026-09-09T05:27:08.622589,2026-09-09T12:43:41.015391
4e8012f7-47ec-4675-84fa-0f433071f7aa,56d7b728-fe0a-464b-bce4-7af2983d5b6d,2,90ef76ca-622f-43be-be2f-27f0a925941a,2ddf4880-95a6-4875-857d-f1d095b7fc48,,540.9,554.0,49.2,completed,2026-09-09T12:43:41.015391,2026-09-09T21:57:39.518223
f41ecc2b-c9c2-46cd-89c6-8a312e228d94,88d0d480-b78b-45a8-9812-f7d8d8a471b7,0,0f6665ac-5ddd-43a7-a9a3-d15d46cfbc97,,8fba1efa-7c25-4a5b-b271-bb1ac4460664,120.2,175.1,37.7,completed,2026-09-07T19:51:20.349514,2026-09-07T22:46:25.711424
9f8aa35d-b682-49df-8ff5-9d4efe12f566,88d0d480-b78b-45a8-9812-f7d8d8a471b7,1,b41f802e-0393-409e-935b-003cfa28c0bd,8fba1efa-7c25-4a5b-b271-bb1ac4460664,,505.8,691.0,36.3,completed,2026-09-07T22:46:25.711424,2026-09-08T10:17:28.332154
3697d382-e5c2-4365-9620-a9ead84125e8,9cdb30cb-3e2a-4721-992d-b7fec2ebad6f,0,5a546a9f-4ddf-4c19-9b83-d659726fc137,,,540.9,644.0,50.3,completed,2026-09-03T02:51:20.366243,2026-09-03T13:35:23.334480
41f016cc-3af4-4b32-8541-66fbd96461ce,afee2a8a-2d5d-4868-8ea3-71efe17b508d,0,1f148489-0bcb-4470-8354-42eed5c4f971,,8fba1efa-7c25-4a5b-b271-bb1ac4460664,120.2,211.4,37.0,completed,2026-09-06T01:51:20.367913,2026-09-06T05:22:45.384480
e5d247c9-fe1d-4945-a22c-4da054c4bd9d,afee2a8a-2d5d-4868-8ea3-71efe17b508d,1,eda803f0-7286-45ff-8f75-84584956b46f,8fba1efa-7c25-4a5b-b271-bb1ac4460664,,505.8,623.7,49.5,completed,2026-09-06T05:22:45.384480,2026-09-06T15:46:26.074581
d376235c-cec1-4b98-944d-63b78ffd0b96,6adb0396-5766-41ab-b773-7ed29da4883b,0,310f7ff6-c724-4278-b409-74d1ab8bf019,,,540.5,1038.7,33.8,completed,2026-09-07T21:51:20.370336,2026-09-08T15:10:02.064765
8a376b82-9003-4baf-a543-20c0cf3649f2,73e8644d-5dea-4c72-a4c9-9bccc400ac1d,0,083442ef-2844-4bf4-90c7-0a4c51e16ed0,,c2f4b9b4-48ee-4746-958f-6169ba532344,178.1,249.7,41.9,completed,2026-09-03T10:51:20.372735,2026-09-03T15:01:00.950394
acac145b-04e0-4a7c-94ca-f952c8e2e859,73e8644d-5dea-4c72-a4c9-9bccc400ac1d,1,fc6966be-098b-43a6-a653-1fa3b599e23e,c2f4b9b4-48ee-4746-958f-6169ba532344,,244.4,372.8,40.7,completed,2026-09-03T15:01:00.950394,2026-09-03T21:13:47.372641
c27c3028-aaa0-4f8e-9e1d-26495fbcc833,0e9acd40-cede-4143-b669-d922755831ed,0,6478d1df-2c1f-4f3c-aa1e-03fde769c1f7,,,293.4,342.9,40.9,completed,2026-09-07T16:51:20.374721,2026-09-07T22:34:13.543053
81f37b59-050f-49db-b26e-0edd91a6b298,07b6caa5-d8ad-4a11-a54f-d2bc275d99fa,0,0f6665ac-5ddd-43a7-a9a3-d15d46cfbc97,,c2f4b9b4-48ee-4746-958f-6169ba532344,178.1,195.2,50.3,completed,2026-09-07T00:51:20.376187,2026-09-07T04:06:31.562251
2143342e-8388-4eec-821d-552a21e93160,07b6caa5-d8ad-4a11-a54f-d2bc275d99fa,1,00d3503e-ffe5-4e26-84be-9007a8a81e4c,c2f4b9b4-48ee-4746-958f-6169ba532344,9708822b-62d4-4ac2-ae57-f36abd36b0cb,244.4,350.2,35.9,completed,2026-09-07T04:06:31.562251,2026-09-07T09:56:45.463438
bc553b52-a109-432c-b950-c1a6aefba079,07b6caa5-d8ad-4a11-a54f-d2bc275d99fa,2,894888f1-c248-403f-aca9-cddaac265db4,9708822b-62d4-4ac2-ae57-f36abd36b0cb,,75.3,101.4,42.9,completed,2026-09-07T09:56:45.463438,2026-09-07T11:38:09.634505
2e28fecc-55ef-4605-bb8e-7222e963993a,491866c3-c25d-4872-9992-cb33d77a82cb,0,66e7f631-029c-4810-92a9-8026854edd3f,,a30de39d-9e98-4258-b754-758c8da83902,90.0,99.9,50.0,completed,2026-09-06T09:51:20.379132,2026-09-06T11:31:11.910732
41dfe48e-cd5e-486e-a1a2-76995aadf9a8,491866c3-c25d-4872-9992-cb33d77a82cb,1,a2de8edd-b399-484f-8151-3a5ef1d893b0,a30de39d-9e98-4258-b754-758c8da83902,69cc852b-0428-432f-9fd5-25c49064f57d,285.8,599.6,33.0,completed,2026-09-06T11:31:11.910732,2026-09-06T21:30:47.588520
328d41e8-a077-4228-946d-1719004fea54,491866c3-c25d-4872-9992-cb33d77a82cb,2,69b345b3-ec55-408a-978c-9b0062c84f4a,69cc852b-0428-432f-9fd5-25c49064f57d,,235.3,249.9,52.5,completed,2026-09-06T21:30:47.588520,2026-09-07T01:40:42.967059
5ed0ae31-1c8c-4665-a3b4-133103f65862,7910ed7a-8a5f-4399-a824-c68da863bda0,0,c787e085-877f-4d78-a2c0-2d7e54816f5c,,5dbdf32d-78de-4094-b415-861af0ca99a2,235.3,418.9,38.8,completed,2026-09-08T07:51:20.382134,2026-09-08T14:50:12.787922
013d6d05-f989-47ff-8654-bd6f7969563f,7910ed7a-8a5f-4399-a824-c68da863bda0,1,3fc247b8-f090-4cea-81a6-9112ffe9f796,5dbdf32d-78de-4094-b415-861af0ca99a2,,540.5,721.0,41.3,completed,2026-09-08T14:50:12.787922,2026-09-09T02:51:14.441082
b5af42dd-5b92-449c-98c8-5662b4f472c2,b30c9bc2-273b-4744-84bb-d4b02fd46fc1,0,69b345b3-ec55-408a-978c-9b0062c84f4a,,,244.4,338.8,42.1,completed,2026-09-07T01:51:20.385391,2026-09-07T07:30:09.896942
9d8d508b-2b61-4fcc-8aee-f09b8e065b9d,0b6b10f0-9b87-4ea4-b560-39b3ac235074,0,0f6665ac-5ddd-43a7-a9a3-d15d46cfbc97,,,207.7,236.5,42.9,completed,2026-09-06T18:51:20.387044,2026-09-06T22:47:52.937435
3670c859-bcd4-4597-9552-4671a250ec0f,a63d1002-b7a1-4d5a-b39b-469de5fe3b21,0,0790fa20-df4f-43aa-b491-56eb44a3e0b6,,faa81e93-f79d-4d3d-9240-87cdf9df3633,688.0,1296.2,35.1,completed,2026-09-07T00:51:20.388417,2026-09-07T22:27:31.694620
c3e619bd-56b6-4463-8a1e-e61a6157129d,a63d1002-b7a1-4d5a-b39b-469de5fe3b21,1,c787e085-877f-4d78-a2c0-2d7e54816f5c,faa81e93-f79d-4d3d-9240-87cdf9df3633,,970.1,1243.6,47.1,completed,2026-09-07T22:27:31.694620,2026-09-08T19:11:07.685985
650e9a16-6b00-49f0-b62a-07c157b28f4a,0cbfdfaf-6e02-487c-9b32-c164fd6fb0c5,0,7c1ae16d-496a-4d0f-b401-8ae3e76b86ab,,,970.1,1214.5,45.0,completed,2026-09-07T07:51:20.393622,2026-09-08T04:05:49.949477
181090ef-ca10-468f-836e-beb35abf2a9d,0b9afde7-67a5-4d22-a4f3-871b35f2eeb3,0,0b6812d6-5270-4d50-bba5-1cd2f77ebe2e,,,75.3,95.9,40.5,completed,2026-09-05T22:51:20.396113,2026-09-06T00:27:12.269531
d339265d-f7d1-40b1-b7a6-16207775bcdd,8b7c7b2c-93f8-45a5-a11f-ce138aacc895,0,f9bb1bc7-b852-4cb0-9053-42f9f3eea8bc,,,120.2,183.6,33.2,completed,2026-09-04T00:51:20.397274,2026-09-04T03:54:54.301481
f2b8708b-c144-4d63-81bb-52df678318b4,1dd5e4bb-f793-4e64-bf68-8290aaa739fd,0,2d28751d-70ba-4487-82d5-095cea62b22f,,8fba1efa-7c25-4a5b-b271-bb1ac4460664,505.8,973.2,30.1,completed,2026-09-03T19:51:20.398687,2026-09-04T12:04:34.988309
07e21b84-b85f-4422-a918-f0751554bb15,1dd5e4bb-f793-4e64-bf68-8290aaa739fd,1,0eefecd2-5b8c-4f61-ae34-838b16b53659,8fba1efa-7c25-4a5b-b271-bb1ac4460664,,120.2,208.3,40.7,completed,2026-09-04T12:04:34.988309,2026-09-04T15:32:50.882346
986187af-c5a6-47b2-9ae7-d0e24f8741ef,a531b1f8-65d8-4242-8bcc-51afc6638077,0,be09b6f7-4efa-4ac9-b363-71f395b927fa,,,505.8,1277.4,22.1,completed,2026-09-07T20:51:20.401545,2026-09-08T18:08:43.167220
1f12c4b9-b582-4613-aa40-24ed28bf5173,124b6a2b-9f20-4d2a-8030-9686b8e6fa11,0,9db88e80-6a44-4430-b307-494694355bcb,,,178.1,197.0,51.0,completed,2026-09-05T00:51:20.404017,2026-09-05T04:08:20.324628
c9bb86db-a087-418f-a73a-ff6264a24a22,0afdca80-6bdc-4e66-acb9-864302130cb4,0,b05b01d0-a319-4a48-8fe3-e2a08529ea69,,faa81e93-f79d-4d3d-9240-87cdf9df3633,422.9,468.0,50.6,completed,2026-09-06T17:51:20.405498,2026-09-07T01:39:20.741364
15247822-8e18-4e25-8639-e3e7427a64a0,0afdca80-6bdc-4e66-acb9-864302130cb4,1,6d65ee0b-0d87-4816-9b43-1e74af2b76bd,faa81e93-f79d-4d3d-9240-87cdf9df3633,2ddf4880-95a6-4875-857d-f1d095b7fc48,376.4,483.6,43.3,completed,2026-09-07T01:39:20.741364,2026-09-07T09:42:57.173726
dc19f20c-8e6b-4c27-8410-66fe5a916adb,0afdca80-6bdc-4e66-acb9-864302130cb4,2,2d28751d-70ba-4487-82d5-095cea62b22f,2ddf4880-95a6-4875-857d-f1d095b7fc48,,540.9,891.4,37.3,completed,2026-09-07T09:42:57.173726,2026-09-08T00:34:21.650291
b701beb4-4ff6-4b75-b836-bf56e2887394,5dedb6d9-f352-440c-bf57-25bec18c0902,0,1f148489-0bcb-4470-8354-42eed5c4f971,,faa81e93-f79d-4d3d-9240-87cdf9df3633,970.1,1042.1,48.2,completed,2026-09-05T17:51:20.409143,2026-09-06T11:13:29.166152
d0d9399b-09e1-4c20-9c51-0553755ebca4,5dedb6d9-f352-440c-bf57-25bec18c0902,1,3fc247b8-f090-4cea-81a6-9112ffe9f796,faa81e93-f79d-4d3d-9240-87cdf9df3633,,688.0,948.0,41.0,completed,2026-09-06T11:13:29.166152,2026-09-07T03:01:29.501658
3d96a142-5d91-4105-af26-1c9e0cc93920,3e2e69e5-a385-4bf7-af8d-8fc95f29812a,0,0790fa20-df4f-43aa-b491-56eb44a3e0b6,,,75.3,88.9,46.9,completed,2026-09-04T22:51:20.412875,2026-09-05T00:20:16.243971
66829d59-84d9-4061-86d8-36b4a7d6448f,300822cf-caf1-4c7d-9cda-5331dcc7fa0f,0,bda819c9-5bc1-45c0-b673-47f1f8fc1da8,,c2f4b9b4-48ee-4746-958f-6169ba532344,244.4,340.5,42.4,completed,2026-09-05T03:51:20.413898,2026-09-05T09:31:51.501353
01b98ddd-4a01-43a3-9b1c-992217b57032,300822cf-caf1-4c7d-9cda-5331dcc7fa0f,1,0f7a5a1e-c1b1-4db5-b7bc-22c0b78c5171,c2f4b9b4-48ee-4746-958f-6169ba532344,,178.1,322.6,41.2,completed,2026-09-05T09:31:51.501353,2026-09-05T14:54:25.996934
c16e76d1-d90d-4033-8619-526eb6f7560b,70271649-a61b-448b-a9b3-1c7503bd7913,0,0790fa20-df4f-43aa-b491-56eb44a3e0b6,,8fba1efa-7c25-4a5b-b271-bb1ac4460664,505.8,712.1,39.0,completed,2026-09-07T00:51:20.416123,2026-09-07T12:43:27.499459
8badbd58-6512-4157-b991-6ad99f4f8568,70271649-a61b-448b-a9b3-1c7503bd7913,1,b05b01d0-a319-4a48-8fe3-e2a08529ea69,8fba1efa-7c25-4a5b-b271-bb1ac4460664,,120.2,154.9,47.6,completed,2026-09-07T12:43:27.499459,2026-09-07T15:18:21.625486
77ec101d-8c2d-4d48-a326-d12b9da66e38,a2367d4a-c2ca-4d2b-8d85-e693b07258d6,0,0f6665ac-5ddd-43a7-a9a3-d15d46cfbc97,,,500.0,653.0,44.7,completed,2026-09-07T05:51:20.418410,2026-09-07T16:44:19.938617
4d847920-3ea4-4809-bbb1-ff525507b0ff,404d8f70-8c25-4a22-b95a-69c93a60dd4f,0,fc6966be-098b-43a6-a653-1fa3b599e23e,,,970.1,1570.3,37.5,completed,2026-09-08T10:51:20.420191,2026-09-09T13:01:38.770038
dd9bf864-d319-46f4-81e8-abd5466f314d,6b57eef4-9b09-4e10-a06b-2d3aa6b3854f,0,eda803f0-7286-45ff-8f75-84584956b46f,,9708822b-62d4-4ac2-ae57-f36abd36b0cb,75.3,94.2,43.4,completed,2026-09-05T02:51:20.422970,2026-09-05T04:25:30.721988
4ae072dc-c044-4bc0-8230-63dedeae2c62,6b57eef4-9b09-4e10-a06b-2d3aa6b3854f,1,1f148489-0bcb-4470-8354-42eed5c4f971,9708822b-62d4-4ac2-ae57-f36abd36b0cb,c2f4b9b4-48ee-4746-958f-6169ba532344,244.4,393.4,42.5,completed,2026-09-05T04:25:30.721988,2026-09-05T10:58:51.722794
d8faa844-817e-4727-8a06-ad70cbdc5d02,6b57eef4-9b09-4e10-a06b-2d3aa6b3854f,2,eef8d72c-0ab6-40fa-a165-615edc5821f1,c2f4b9b4-48ee-4746-958f-6169ba532344,,178.1,255.8,45.8,completed,2026-09-05T10:58:51.722794,2026-09-05T15:14:39.343529
92bf9b5b-f637-4d58-853e-64e3e8c1c762,7a97cd28-c463-4dfc-95c1-ed0136133973,0,3cb3181a-1d19-4827-b8eb-3faba1e231e3,,,505.8,520.4,50.7,completed,2026-09-06T13:51:20.425496,2026-09-06T22:31:45.281463
d6052793-5dba-430c-b1f5-39b428224445,6e0dae3e-9ce4-4c1c-9907-f39f6b605db8,0,083442ef-2844-4bf4-90c7-0a4c51e16ed0,,,120.2,209.7,38.9,completed,2026-09-08T02:51:20.426939,2026-09-08T06:21:00.040276
06608459-0e3e-4221-9393-f7cc51351b48,a08fb471-7194-4146-9882-dff9f6caf169,0,90ef76ca-622f-43be-be2f-27f0a925941a,,,75.3,83.7,58.1,completed,2026-09-07T09:51:20.428055,2026-09-07T11:15:03.393644
dd2bc540-2648-4ad7-9b33-177243c2391d,b052faec-bd8e-4e7a-b92b-48d7193a9b87,0,eda803f0-7286-45ff-8f75-84584956b46f,,,505.8,810.4,40.5,completed,2026-09-05T13:51:20.429013,2026-09-06T03:21:47.058939
1276f027-a96e-44b5-bc83-dbd0ecc16fc6,c64b260b-c732-4895-bb93-6987f333f078,0,7a135a62-fc87-4ff4-aa59-1019fc6df31e,,,244.4,294.1,46.5,completed,2026-09-04T20:51:20.431324,2026-09-05T01:45:28.546305
ef749a40-d45c-4bcc-9ff3-774c9f58867f,8aaf727a-cf34-4a6d-bafe-40ed5c9628f8,0,bda819c9-5bc1-45c0-b673-47f1f8fc1da8,,c2f4b9b4-48ee-4746-958f-6169ba532344,540.9,809.5,45.2,completed,2026-09-08T10:51:20.432617,2026-09-09T00:20:48.421685
c8ea2507-f431-44e4-bf65-ee85273904c4,8aaf727a-cf34-4a6d-bafe-40ed5c9628f8,1,40e70bd2-0f4c-4ed4-8b62-55fce5047760,c2f4b9b4-48ee-4746-958f-6169ba532344,,178.1,278.2,41.2,completed,2026-09-09T00:20:48.421685,2026-09-09T04:58:59.758312
ee5c49cc-5891-4b2d-bb79-c533a3ab856d,eae78d03-a81d-4473-895d-7954c5dd68b5,0,a2de8edd-b399-484f-8151-3a5ef1d893b0,,,75.3,97.9,51.1,completed,2026-09-05T23:51:20.435195,2026-09-06T01:29:13.452924
128e7fc0-8eb4-4441-a466-2f4200d5fdb5,a6696f47-89a2-4dcd-9ce4-7949378fb65f,0,00d3503e-ffe5-4e26-84be-9007a8a81e4c,,faa81e93-f79d-4d3d-9240-87cdf9df3633,376.4,735.9,33.9,completed,2026-09-08T13:51:20.436244,2026-09-09T02:07:14.200879
6cb9a22f-df7b-4aa8-9dc4-f8d41e912990,a6696f47-89a2-4dcd-9ce4-7949378fb65f,1,3fc6f138-6045-4882-8a16-2692f69d4228,faa81e93-f79d-4d3d-9240-87cdf9df3633,288de4cd-bf1a-4a25-847c-68865d138b36,422.9,569.1,39.1,completed,2026-09-09T02:07:14.200879,2026-09-09T11:36:22.321428
9211f495-70aa-43c1-9986-53dc8a012be9,a6696f47-89a2-4dcd-9ce4-7949378fb65f,2,4c8a509f-04a9-4a9e-95f2-50c885ca0979,288de4cd-bf1a-4a25-847c-68865d138b36,,500.0,671.2,47.3,completed,2026-09-09T11:36:22.321428,2026-09-09T22:47:37.011469
2da39a4a-405e-48c8-b62c-4fff2a9b822f,8a81e296-3f7e-49d1-b984-aac0663545e7,0,3fc6f138-6045-4882-8a16-2692f69d4228,,,293.4,416.4,50.1,completed,2026-09-07T09:51:20.439941,2026-09-07T16:47:43.919785
5bffb5c6-208e-4e67-b698-5b4659300433,72b61a2a-9b76-45c5-a80f-866da32c75b4,0,0aa62c09-bc7a-4951-9708-4a86275ad8c6,,faa81e93-f79d-4d3d-9240-87cdf9df3633,422.9,406.7,41.0,completed,2026-09-02T23:51:20.442141,2026-09-03T06:38:03.002902
047ec959-f72c-4038-bafe-78536043ec5e,72b61a2a-9b76-45c5-a80f-866da32c75b4,1,463a85e7-e033-4bec-a267-bfa7aa85640d,faa81e93-f79d-4d3d-9240-87cdf9df3633,2ddf4880-95a6-4875-857d-f1d095b7fc48,376.4,578.7,40.7,completed,2026-09-03T06:38:03.002902,2026-09-03T16:16:46.516223
40009793-0a27-4d5f-a515-aca2eed461d1,72b61a2a-9b76-45c5-a80f-866da32c75b4,2,083714ac-54b3-4d64-bc00-704dc355b5f8,2ddf4880-95a6-4875-857d-f1d095b7fc48,,540.9,863.6,41.0,completed,2026-09-03T16:16:46.516223,2026-09-04T06:40:19.781627
4f427656-65a1-404f-b177-5932e6e2438b,b601e726-b663-4c12-8fc0-e59ae6842dbc,0,0eefecd2-5b8c-4f61-ae34-838b16b53659,,,120.2,156.0,42.8,completed,2026-09-07T03:51:20.447020,2026-09-07T06:27:18.287211
114b0f30-342e-40e9-8281-b6deb12ba56c,24181fd0-bf9f-4f99-8a71-e33149146444,0,310f7ff6-c724-4278-b409-74d1ab8bf019,,,688.0,881.6,38.9,completed,2026-09-08T21:51:20.448203,2026-09-09T12:32:58.722844
7f923b38-f750-4ba4-bd6f-05a91caf1f4c,bd935b53-8375-48f9-858b-ee9a57789dd1,0,d265c88a-1052-4bc1-b426-bc9a3e77f666,,faa81e93-f79d-4d3d-9240-87cdf9df3633,970.1,1043.3,54.0,completed,2026-09-06T19:51:20.450147,2026-09-07T13:14:41.101695
a28bce06-dd7c-4be8-8db0-ff41bea759b7,bd935b53-8375-48f9-858b-ee9a57789dd1,1,3fc247b8-f090-4cea-81a6-9112ffe9f796,faa81e93-f79d-4d3d-9240-87cdf9df3633,,688.0,1043.2,34.8,completed,2026-09-07T13:14:41.101695,2026-09-08T06:37:55.293886
e7ac64f1-decc-4710-94a2-488504b40810,6dd57424-229d-48d1-868b-14d8be427aca,0,3fc6f138-6045-4882-8a16-2692f69d4228,,,293.4,468.7,40.4,completed,2026-09-03T07:51:20.453579,2026-09-03T15:39:59.668200
3886610f-d944-499c-894e-85358217d95d,002ba15f-828d-452e-b18b-9fe547f84b88,0,26501679-586c-4236-a890-97e1687dc818,,,970.1,1400.9,41.2,completed,2026-09-08T01:51:20.454967,2026-09-09T01:12:12.531235
c3b0fefe-bddb-4295-afa7-c69c16c2ecc0,e1a8536f-e214-46e4-81b5-0d9b9164c169,0,083714ac-54b3-4d64-bc00-704dc355b5f8,,,178.1,313.4,35.9,completed,2026-09-03T00:51:20.457481,2026-09-03T06:04:45.449450
4e7ae8f2-dc0e-415b-9f88-fc29a031da82,1dc147ea-f233-4057-a260-96e29718e139,0,26501679-586c-4236-a890-97e1687dc818,,8fba1efa-7c25-4a5b-b271-bb1ac4460664,120.2,209.7,38.9,completed,2026-09-04T13:51:20.458713,2026-09-04T17:21:00.063473
01122106-2026-4b9a-bdc4-793308e15dfb,1dc147ea-f233-4057-a260-96e29718e139,1,0790fa20-df4f-43aa-b491-56eb44a3e0b6,8fba1efa-7c25-4a5b-b271-bb1ac4460664,,505.8,649.1,41.6,completed,2026-09-04T17:21:00.063473,2026-09-05T04:10:08.091439
2c498994-31b5-46d7-a9c7-1babcdb441ae,87a8986b-7751-4e20-8657-7d281c35ee3b,0,0f7a5a1e-c1b1-4db5-b7bc-22c0b78c5171,,,120.2,161.9,40.7,completed,2026-09-08T13:51:20.465227,2026-09-08T16:33:16.093985
6ff49766-866d-4c29-b1e7-5d3991483729,aeee27a7-7b31-471e-adf2-e38f26f0030e,0,01d788c4-9b57-4add-abf0-739f958b4aa3,,faa81e93-f79d-4d3d-9240-87cdf9df3633,376.4,716.8,36.7,completed,2026-09-03T03:51:20.466373,2026-09-03T15:48:06.695643
f46d8dc0-1d29-497c-af78-ab6ac55c1278,aeee27a7-7b31-471e-adf2-e38f26f0030e,1,b05b01d0-a319-4a48-8fe3-e2a08529ea69,faa81e93-f79d-4d3d-9240-87cdf9df3633,,422.9,765.5,36.8,completed,2026-09-03T15:48:06.695643,2026-09-04T04:33:36.131199
8769cb0a-ffe9-4705-b8dd-bc02dc1dab1a,fe34bcdb-89f9-4dda-a798-69b7d575b175,0,bda819c9-5bc1-45c0-b673-47f1f8fc1da8,,,688.0,1062.5,38.6,completed,2026-09-04T11:51:20.469038,2026-09-05T05:33:49.243954
bed07396-4190-4fc0-89ab-4b97e4c18bf2,5796acbe-45b6-4255-a8c5-a834645377e7,0,f90f6baa-4c59-416d-9cdd-708265156686,,8fba1efa-7c25-4a5b-b271-bb1ac4460664,120.2,149.1,45.4,completed,2026-09-05T18:51:20.471060,2026-09-05T21:20:29.428986
b6b22e95-ae10-4c84-bfd4-32367e34919a,5796acbe-45b6-4255-a8c5-a834645377e7,1,f90f6baa-4c59-416d-9cdd-708265156686,8fba1efa-7c25-4a5b-b271-bb1ac4460664,,505.8,679.8,41.2,completed,2026-09-05T21:20:29.428986,2026-09-06T08:40:15.937167
3767e3a6-371a-4b7b-8dca-a4372bae1181,df046394-46e1-4fae-baa2-1513ba14ac8c,0,be09b6f7-4efa-4ac9-b363-71f395b927fa,,,120.2,127.8,52.8,completed,2026-09-06T07:51:20.473298,2026-09-06T09:59:05.891060
0fc4e4b8-8f9b-4371-ad9c-9a70eb35e024,9085c53d-2c71-47ce-8ab4-aa3d673929ab,0,837cfbee-afbc-4408-b0d4-a3037b7f109f,,,75.3,88.7,42.9,completed,2026-09-07T11:51:20.474549,2026-09-07T13:20:05.112950
7fb39925-4328-4d6a-bc20-1257d1488689,8bf113da-a9cd-4e3c-9f11-c0909d637a9e,0,6478d1df-2c1f-4f3c-aa1e-03fde769c1f7,,,500.0,750.1,36.9,completed,2026-09-06T03:51:20.475495,2026-09-06T16:21:29.051806
6e089d58-3cda-46bd-b175-e7d092ba55da,ce928a39-0fa1-4519-a5dd-bfc2e52aac91,0,5a546a9f-4ddf-4c19-9b83-d659726fc137,,,688.0,874.0,50.5,completed,2026-09-08T05:51:20.477128,2026-09-08T20:25:22.301012
03249467-ad04-425c-bae6-359721df1a3a,8e19ea10-c324-422d-bbf2-50be4287503a,0,fc6966be-098b-43a6-a653-1fa3b599e23e,,2ddf4880-95a6-4875-857d-f1d095b7fc48,540.9,654.7,46.8,completed,2026-09-03T17:51:20.478956,2026-09-04T04:46:04.931770
871a6084-c917-4362-b6db-04788ff39758,8e19ea10-c324-422d-bbf2-50be4287503a,1,7a135a62-fc87-4ff4-aa59-1019fc6df31e,2ddf4880-95a6-4875-857d-f1d095b7fc48,faa81e93-f79d-4d3d-9240-87cdf9df3633,376.4,647.1,39.0,completed,2026-09-04T04:46:04.931770,2026-09-04T15:33:08.938343
f2c04973-6bec-4207-94c1-ea7f17844b3a,8e19ea10-c324-422d-bbf2-50be4287503a,2,00d3503e-ffe5-4e26-84be-9007a8a81e4c,faa81e93-f79d-4d3d-9240-87cdf9df3633,288de4cd-bf1a-4a25-847c-68865d138b36,422.9,728.2,41.8,completed,2026-09-04T15:33:08.938343,2026-09-05T03:41:19.373354
33d0ba38-0cb3-427c-9684-2ffe141de981,8e19ea10-c324-422d-bbf2-50be4287503a,3,083714ac-54b3-4d64-bc00-704dc355b5f8,288de4cd-bf1a-4a25-847c-68865d138b36,,500.0,756.9,38.4,completed,2026-09-05T03:41:19.373354,2026-09-05T16:18:16.320709
3b2b254b-89fa-4e5d-910b-ba9cecb52f91,914829fa-e0d9-4cb4-a11e-7a891bf91171,0,66e7f631-029c-4810-92a9-8026854edd3f,,c2f4b9b4-48ee-4746-958f-6169ba532344,178.1,236.0,46.1,completed,2026-09-04T08:51:20.483909,2026-09-04T12:47:18.601452
36d35b79-3577-4c2d-bfcd-6da31f72569d,914829fa-e0d9-4cb4-a11e-7a891bf91171,1,eef8d72c-0ab6-40fa-a165-615edc5821f1,c2f4b9b4-48ee-4746-958f-6169ba532344,2ddf4880-95a6-4875-857d-f1d095b7fc48,540.9,894.8,43.4,completed,2026-09-04T12:47:18.601452,2026-09-05T03:42:09.532159
a96c5a00-af5f-49ec-bcfe-9227201366e4,914829fa-e0d9-4cb4-a11e-7a891bf91171,2,083442ef-2844-4bf4-90c7-0a4c51e16ed0,2ddf4880-95a6-4875-857d-f1d095b7fc48,,376.4,775.9,30.8,completed,2026-09-05T03:42:09.532159,2026-09-05T16:38:05.703673
a4cd053a-35c6-4caa-a35b-02ccc498012e,c1efa459-ccef-4b45-9416-2eff35b10c25,0,aecd6e72-018b-448f-a8dd-3e84d11fdeea,,faa81e93-f79d-4d3d-9240-87cdf9df3633,970.1,1043.4,51.4,completed,2026-09-05T11:51:20.487358,2026-09-06T05:14:42.119973
5aee91ba-1fde-4076-83e2-89dfa9eea24c,c1efa459-ccef-4b45-9416-2eff35b10c25,1,6478d1df-2c1f-4f3c-aa1e-03fde769c1f7,faa81e93-f79d-4d3d-9240-87cdf9df3633,,688.0,843.4,42.5,completed,2026-09-06T05:14:42.119973,2026-09-06T19:18:07.886999
b19cd15a-2d8e-4983-8e18-3fe12719b3bd,aefab625-defb-4504-8d1a-27df1dcb153e,0,4642a367-13ec-46f2-8b42-2a9b0cdc2ab5,,faa81e93-f79d-4d3d-9240-87cdf9df3633,970.1,1188.4,47.0,completed,2026-09-06T12:51:20.490548,2026-09-07T08:39:42.028053
36a2bbca-ec61-49df-9a29-59fb87215ddc,aefab625-defb-4504-8d1a-27df1dcb153e,1,fc6966be-098b-43a6-a653-1fa3b599e23e,faa81e93-f79d-4d3d-9240-87cdf9df3633,,688.0,928.3,43.2,completed,2026-09-07T08:39:42.028053,2026-09-08T00:08:02.631970
093a737b-7ce1-44c8-acdc-47c2db858a4b,ede81ba1-9392-4cdf-bb78-baa730bac279,0,083442ef-2844-4bf4-90c7-0a4c51e16ed0,,faa81e93-f79d-4d3d-9240-87cdf9df3633,970.1,1441.4,39.3,completed,2026-09-08T04:51:20.493980,2026-09-09T04:52:46.824475
c6cd1269-441c-45ca-ad12-564b006965f7,ede81ba1-9392-4cdf-bb78-baa730bac279,1,34b71c44-bb25-47df-85ce-03a39fc9ac10,faa81e93-f79d-4d3d-9240-87cdf9df3633,,688.0,884.7,45.4,completed,2026-09-09T04:52:46.824475,2026-09-09T19:37:31.220426
ed167403-57da-4b7a-a90d-22f32c01bb25,775749e2-6164-4316-b4c7-cca76abf2a65,0,18302a3a-1801-411a-8579-869b4ba4edff,,c2f4b9b4-48ee-4746-958f-6169ba532344,244.4,326.1,46.7,completed,2026-09-07T14:51:20.497918,2026-09-07T20:17:24.375015
688c2690-af8f-4649-8fe0-b5e53ac5178b,775749e2-6164-4316-b4c7-cca76abf2a65,1,9db88e80-6a44-4430-b307-494694355bcb,c2f4b9b4-48ee-4746-958f-6169ba532344,,178.1,302.8,38.8,completed,2026-09-07T20:17:24.375015,2026-09-08T01:20:14.629748
d3bd2900-d45a-499f-85bf-021976129038,18208001-6ec5-4c96-8733-f0fb2ec77732,0,34b71c44-bb25-47df-85ce-03a39fc9ac10,,8fba1efa-7c25-4a5b-b271-bb1ac4460664,505.8,804.3,43.4,completed,2026-09-07T04:51:20.499864,2026-09-07T18:15:36.834773
04ce73b7-498a-4ed0-911b-ae41451ea295,18208001-6ec5-4c96-8733-f0fb2ec77732,1,b05b01d0-a319-4a48-8fe3-e2a08529ea69,8fba1efa-7c25-4a5b-b271-bb1ac4460664,,120.2,166.4,44.5,completed,2026-09-07T18:15:36.834773,2026-09-07T21:02:00.267747
ff417ada-985b-4d75-8c07-abab0dbe881a,5cf36f02-9987-4ca2-84b8-e4bf9290c5ad,0,894888f1-c248-403f-aca9-cddaac265db4,,faa81e93-f79d-4d3d-9240-87cdf9df3633,422.9,576.1,38.7,completed,2026-09-08T15:51:20.502387,2026-09-09T01:27:28.171073
8f1bd9ae-4650-4e89-8fef-4aa804f2143b,5cf36f02-9987-4ca2-84b8-e4bf9290c5ad,1,a2de8edd-b399-484f-8151-3a5ef1d893b0,faa81e93-f79d-4d3d-9240-87cdf9df3633,2ddf4880-95a6-4875-857d-f1d095b7fc48,376.4,439.8,44.0,completed,2026-09-09T01:27:28.171073,2026-09-09T08:47:14.355910
de679b9a-1aec-4dbe-83e9-a7374e03d62b,5cf36f02-9987-4ca2-84b8-e4bf9290c5ad,2,ca72bc65-aac8-4954-8b12-0a27325a1ce7,2ddf4880-95a6-4875-857d-f1d095b7fc48,,540.9,702.4,43.8,completed,2026-09-09T08:47:14.355910,2026-09-09T20:29:36.944580
59085260-90d4-4331-8b67-d4e79b6e1154,4602471e-5741-4345-95b6-fd8b6a477287,0,a3a4745c-eb66-433a-b40b-557c0883d783,,c2f4b9b4-48ee-4746-958f-6169ba532344,178.1,229.0,49.7,completed,2026-09-03T05:51:20.505828,2026-09-03T09:40:19.625485
699bdeee-5948-4b65-8a91-08aea6990f60,4602471e-5741-4345-95b6-fd8b6a477287,1,ca72bc65-aac8-4954-8b12-0a27325a1ce7,c2f4b9b4-48ee-4746-958f-6169ba532344,2ddf4880-95a6-4875-857d-f1d095b7fc48,540.9,983.1,35.7,completed,2026-09-03T09:40:19.625485,2026-09-04T02:03:23.599792
a6783984-69c7-401a-86f0-938e7ad12a1a,4602471e-5741-4345-95b6-fd8b6a477287,2,837cfbee-afbc-4408-b0d4-a3037b7f109f,2ddf4880-95a6-4875-857d-f1d095b7fc48,faa81e93-f79d-4d3d-9240-87cdf9df3633,376.4,804.4,32.4,completed,2026-09-04T02:03:23.599792,2026-09-04T15:27:45.731229
a6a28dfe-03e4-4e3c-bd7e-d1ad52b4c4c8,4602471e-5741-4345-95b6-fd8b6a477287,3,f9bb1bc7-b852-4cb0-9053-42f9f3eea8bc,faa81e93-f79d-4d3d-9240-87cdf9df3633,,422.9,482.8,44.1,completed,2026-09-04T15:27:45.731229,2026-09-04T23:30:34.183677
190f6232-dc49-4bde-96db-722a58912d75,d6220a7a-f567-4868-bda9-4d20df35fdf6,0,0f6665ac-5ddd-43a7-a9a3-d15d46cfbc97,,faa81e93-f79d-4d3d-9240-87cdf9df3633,688.0,1029.8,38.1,completed,2026-09-03T10:51:20.510660,2026-09-04T04:01:05.561261
7a27ae50-014f-4574-9f30-9d0ca909c3e5,d6220a7a-f567-4868-bda9-4d20df35fdf6,1,c787e085-877f-4d78-a2c0-2d7e54816f5c,faa81e93-f79d-4d3d-9240-87cdf9df3633,,970.1,1100.7,46.6,completed,2026-09-04T04:01:05.561261,2026-09-04T22:21:47.202596
c7c5dd4f-bccf-455f-a4cb-004adccdf867,7f33c028-45c6-47a6-8f72-fb87e4158d3a,0,f9bb1bc7-b852-4cb0-9053-42f9f3eea8bc,,,970.1,1664.3,40.7,completed,2026-09-08T06:51:20.514069,2026-09-09T10:35:35.564518
1964d68b-37ce-45a0-aae7-0ee2a3ad877a,35ee3c5c-4316-461d-b1e4-35899d783f4e,0,463a85e7-e033-4bec-a267-bfa7aa85640d,,,120.2,153.3,46.5,completed,2026-09-08T22:51:20.516778,2026-09-09T01:24:38.052099
a84284e0-93fc-4180-ab3e-1d6c48d5b8ec,e3ce7b1d-013f-440f-b064-2ce19f0e3670,0,0aa62c09-bc7a-4951-9708-4a86275ad8c6,,,178.1,324.0,34.6,completed,2026-09-05T10:51:20.517957,2026-09-05T16:15:18.408298
a0beb207-f1e0-475b-a146-fcefba17b2ac,ac535f09-e152-4990-98fb-23c61ec7a3d2,0,69dc041e-ef44-4acf-ba8b-2d8da688425f,,,178.1,230.3,47.7,completed,2026-09-05T18:51:20.519275,2026-09-05T22:41:40.635698
aba3134e-c813-434d-a6c2-3f124a568719,bb60700a-ec25-463f-9ab9-e1914d0184a2,0,a7a60420-d4d7-48b2-9da8-19504b752bd6,,,688.0,924.2,45.8,completed,2026-09-04T09:51:20.520531,2026-09-05T01:15:32.304627
974143aa-df24-48e8-9752-9eb8d52f6489,b7132d05-1126-4505-92fc-4c323da3306e,0,a7a60420-d4d7-48b2-9da8-19504b752bd6,,,235.3,422.5,31.3,completed,2026-09-08T18:51:20.522519,2026-09-09T01:53:51.159618
379e93d3-7f84-4113-8612-c1d8583eb0ff,1ddbae81-5121-4b4b-bae7-a30b3d113158,0,00d3503e-ffe5-4e26-84be-9007a8a81e4c,,5dbdf32d-78de-4094-b415-861af0ca99a2,235.3,227.0,47.9,completed,2026-09-03T06:51:20.523919,2026-09-03T10:38:22.968074
27ffef25-0f8d-47c6-ba0c-97e42c966598,1ddbae81-5121-4b4b-bae7-a30b3d113158,1,34b71c44-bb25-47df-85ce-03a39fc9ac10,5dbdf32d-78de-4094-b415-861af0ca99a2,,540.5,632.3,43.3,completed,2026-09-03T10:38:22.968074,2026-09-03T21:10:40.667756
0c165c43-f2e7-4d24-b5c5-c5ae6c1488eb,46095010-86ed-40a0-b434-f4b1bf3fcf01,0,ade5ec49-869b-47d3-b852-1a9ceedbe841,,a30de39d-9e98-4258-b754-758c8da83902,285.8,348.8,44.6,completed,2026-09-03T09:51:20.526235,2026-09-03T15:40:08.770615
765d72d5-eb24-41a1-94b3-263bbf42ec1a,46095010-86ed-40a0-b434-f4b1bf3fcf01,1,310f7ff6-c724-4278-b409-74d1ab8bf019,a30de39d-9e98-4258-b754-758c8da83902,,90.0,145.8,34.3,completed,2026-09-03T15:40:08.770615,2026-09-03T18:05:54.810665
46cd8a61-f7f9-4b13-8fb3-6109ab367a73,f77afb0e-fea2-42c8-adb5-c6dd05c64061,0,9db88e80-6a44-4430-b307-494694355bcb,,,970.1,1301.0,38.5,completed,2026-09-05T21:51:20.527970,2026-09-06T19:32:18.230359
17a7dbb7-bd1a-4ba2-bb61-fff75e33f328,653c1e1f-8274-421f-bd62-b69dfebbd01c,0,6be0475c-e19c-4d4f-aced-f1b613d87548,,288de4cd-bf1a-4a25-847c-68865d138b36,500.0,715.1,42.2,completed,2026-09-03T02:51:20.530310,2026-09-03T14:46:24.332900
fbb90256-7ed2-4e58-8a02-fdd5ea5388ea,653c1e1f-8274-421f-bd62-b69dfebbd01c,1,f0496c8a-1f5c-4cdb-b570-7a6925cd94f7,288de4cd-bf1a-4a25-847c-68865d138b36,faa81e93-f79d-4d3d-9240-87cdf9df3633,422.9,459.2,48.1,completed,2026-09-03T14:46:24.332900,2026-09-03T22:25:34.666655
107094aa-4931-43df-b736-3b5e341dbdce,653c1e1f-8274-421f-bd62-b69dfebbd01c,2,0790fa20-df4f-43aa-b491-56eb44a3e0b6,faa81e93-f79d-4d3d-9240-87cdf9df3633,,376.4,625.4,39.6,completed,2026-09-03T22:25:34.666655,2026-09-04T08:50:56.143966
eacec506-5ffc-4991-b23a-d91aab031397,16681e83-022d-4872-a1bd-228bf8d1ef16,0,8462dc55-59d5-47f4-8209-5f47c6bf99ca,,,244.4,342.7,40.0,completed,2026-09-07T12:51:20.533960,2026-09-07T18:34:04.133508
d8f2a952-a26a-4385-8dfb-e3d6d5ff132c,019bcb12-61aa-4979-86fb-932e36dea1e6,0,7d45adbe-75c3-4cdd-bd1c-4b311c5baaab,,,970.1,1412.3,40.3,completed,2026-09-07T11:51:20.535315,2026-09-08T11:23:38.505011
225a160a-5d75-4b29-bf92-71897b2ffd3b,563c782d-68bd-44e7-b172-0da9051be83c,0,69dc6351-3e90-4155-9ccd-371b5c0cdbf3,,c2f4b9b4-48ee-4746-958f-6169ba532344,178.1,239.0,43.6,completed,2026-09-06T13:51:20.537742,2026-09-06T17:50:21.483405
d0735a3a-00f7-406e-a083-6ecb2e2a906c,563c782d-68bd-44e7-b172-0da9051be83c,1,3fc6f138-6045-4882-8a16-2692f69d4228,c2f4b9b4-48ee-4746-958f-6169ba532344,,244.4,344.7,40.0,completed,2026-09-06T17:50:21.483405,2026-09-06T23:35:00.661081
b4f809f5-7ba0-4a88-a580-15c79d791109,dcebc658-4c0a-4ff8-8d45-4ad1ff5a36c9,0,69dc6351-3e90-4155-9ccd-371b5c0cdbf3,,,244.4,320.7,38.4,completed,2026-09-08T02:51:20.539569,2026-09-08T08:12:04.828459
409e92b9-c557-4c62-b721-c7cc5f389aa0,eb6f53f9-f239-4f5f-b720-5654b03efb78,0,a3a4745c-eb66-433a-b40b-557c0883d783,,,120.2,209.5,37.0,completed,2026-09-04T08:51:20.540810,2026-09-04T12:20:51.663864
0f99e114-efc1-442b-b2f2-a69d9c8e538a,d6970ed3-cb27-46c8-9a3c-f8622c7ebe59,0,4642a367-13ec-46f2-8b42-2a9b0cdc2ab5,,2ddf4880-95a6-4875-857d-f1d095b7fc48,540.9,995.2,34.8,completed,2026-09-06T17:51:20.541974,2026-09-07T10:26:33.098910
7d2fe52b-507f-4b6c-bd67-8a5785cdab1b,d6970ed3-cb27-46c8-9a3c-f8622c7ebe59,1,8a6a00d5-73da-4ff5-9558-5f0841ca0cde,2ddf4880-95a6-4875-857d-f1d095b7fc48,,376.4,624.4,37.0,completed,2026-09-07T10:26:33.098910,2026-09-07T20:50:57.618088
1a0459d9-8966-42af-a331-87fd7525115a,82a3752b-919d-4389-b8fa-aa31ddd544b0,0,40e70bd2-0f4c-4ed4-8b62-55fce5047760,,288de4cd-bf1a-4a25-847c-68865d138b36,500.0,524.9,43.8,completed,2026-09-06T20:51:20.544871,2026-09-07T05:36:17.419048
4452add0-5506-4a2e-9e8d-1fa7ea6bef3b,82a3752b-919d-4389-b8fa-aa31ddd544b0,1,66e7f631-029c-4810-92a9-8026854edd3f,288de4cd-bf1a-4a25-847c-68865d138b36,faa81e93-f79d-4d3d-9240-87cdf9df3633,422.9,777.2,39.3,completed,2026-09-07T05:36:17.419048,2026-09-07T18:33:29.251158
1b854343-efca-45d9-b0d2-5a27620265ce,82a3752b-919d-4389-b8fa-aa31ddd544b0,2,eda803f0-7286-45ff-8f75-84584956b46f,faa81e93-f79d-4d3d-9240-87cdf9df3633,2ddf4880-95a6-4875-857d-f1d095b7fc48,376.4,612.3,31.9,completed,2026-09-07T18:33:29.251158,2026-09-08T04:45:44.992883
1a707ad2-ce05-46ae-8d32-021124c14ed9,82a3752b-919d-4389-b8fa-aa31ddd544b0,3,7c1ae16d-496a-4d0f-b401-8ae3e76b86ab,2ddf4880-95a6-4875-857d-f1d095b7fc48,,540.9,572.8,47.0,completed,2026-09-08T04:45:44.992883,2026-09-08T14:18:35.090002
aa7f269c-9703-4abd-96b3-035edbec204d,6f4bbebc-7966-4a66-b60e-02cbd6d16aed,0,a7a60420-d4d7-48b2-9da8-19504b752bd6,,,244.4,350.1,44.0,completed,2026-09-08T09:51:20.549276,2026-09-08T15:41:28.714520
1375eb5c-02ac-415c-90ef-8b6b1986a817,cf98be7f-0d43-4984-b24e-704ef9000a0b,0,8b1e91b6-790d-4773-851a-de018a249cec,,,178.1,268.4,40.5,completed,2026-09-03T10:51:20.550906,2026-09-03T15:19:43.389264
f0f9282a-4aaa-435c-9545-e8cec2d3e2ac,310901ff-b6fa-49d3-ad18-813c5badc0d3,0,b05b01d0-a319-4a48-8fe3-e2a08529ea69,,,505.8,652.6,52.5,completed,2026-09-07T22:51:20.552218,2026-09-08T09:43:59.391729
5f2b9121-10d0-4f7b-8fed-d133c4e9724b,bd0b44da-d2b7-4a40-b895-9e010cf738d1,0,8a6a00d5-73da-4ff5-9558-5f0841ca0cde,,,75.3,77.0,50.4,completed,2026-09-03T16:51:20.553857,2026-09-03T18:08:18.032164
37a1baea-1e7f-4ccf-a8d1-f4701f435a8a,99b6aece-ffca-452d-8b11-0942e87b8a79,0,c787e085-877f-4d78-a2c0-2d7e54816f5c,,,505.8,757.8,47.9,completed,2026-09-04T03:51:20.554837,2026-09-04T16:29:08.698188
a3a2c784-edb2-4769-8ce8-ccd4fdb0e2d4,67b3bf31-190d-432f-be63-3ca4dfab7caa,0,af78bf6c-b541-45e3-93dd-9a69ae91a9ae,,,505.8,1171.0,32.8,completed,2026-09-05T01:51:20.556518,2026-09-05T21:22:21.801650
a9027c16-fcd4-46ee-be9f-040ca3ccddfb,d67cd122-3f40-4bb5-984d-fd6802c14d7c,0,0790fa20-df4f-43aa-b491-56eb44a3e0b6,,,293.4,474.8,42.8,completed,2026-09-05T05:51:20.558631,2026-09-05T13:46:08.137925
7880ee79-5f9a-40b0-9e79-5c0999c0f0b3,d913bdaf-7f72-48f3-9f5a-ad185a82512f,0,bda819c9-5bc1-45c0-b673-47f1f8fc1da8,,c2f4b9b4-48ee-4746-958f-6169ba532344,178.1,242.6,47.9,completed,2026-09-04T15:51:20.560141,2026-09-04T19:53:58.327615
7cd88969-31bc-4dea-add3-92084287c5cc,d913bdaf-7f72-48f3-9f5a-ad185a82512f,1,0790fa20-df4f-43aa-b491-56eb44a3e0b6,c2f4b9b4-48ee-4746-958f-6169ba532344,2ddf4880-95a6-4875-857d-f1d095b7fc48,540.9,703.4,42.0,completed,2026-09-04T19:53:58.327615,2026-09-05T07:37:23.146094
db1687a7-9a0f-466b-9b00-7c1d12e8c4c1,d913bdaf-7f72-48f3-9f5a-ad185a82512f,2,3fc6f138-6045-4882-8a16-2692f69d4228,2ddf4880-95a6-4875-857d-f1d095b7fc48,faa81e93-f79d-4d3d-9240-87cdf9df3633,376.4,532.8,41.7,completed,2026-09-05T07:37:23.146094,2026-09-05T16:30:09.354089
3f25f327-7f46-44d4-84bc-6a39d1e4faa1,d913bdaf-7f72-48f3-9f5a-ad185a82512f,3,66e7f631-029c-4810-92a9-8026854edd3f,faa81e93-f79d-4d3d-9240-87cdf9df3633,288de4cd-bf1a-4a25-847c-68865d138b36,422.9,441.5,59.4,completed,2026-09-05T16:30:09.354089,2026-09-05T23:51:38.870452
8e76eb3d-3baa-4838-bcda-afb5f567d67a,d913bdaf-7f72-48f3-9f5a-ad185a82512f,4,be09b6f7-4efa-4ac9-b363-71f395b927fa,288de4cd-bf1a-4a25-847c-68865d138b36,,500.0,866.3,41.6,completed,2026-09-05T23:51:38.870452,2026-09-06T14:17:53.978182
0928ad14-ce56-4cb3-afa7-854d98f3117d,cbb272e0-5214-496a-bdf9-1fa624ff571e,0,0aa62c09-bc7a-4951-9708-4a86275ad8c6,,,688.0,723.8,43.7,completed,2026-09-03T09:51:20.565522,2026-09-03T21:55:06.484046
fba91484-d3f1-4027-a630-f757e3bde2b5,f5d5dfbb-f1b7-45ae-9697-8778cc717274,0,463a85e7-e033-4bec-a267-bfa7aa85640d,,,178.1,217.8,48.6,completed,2026-09-06T15:51:20.567443,2026-09-06T19:29:08.421540
e0aa36ed-08eb-4068-bf4e-b297f2161ccb,ca4673e4-1e35-493f-b180-75a825a55a93,0,7c1ae16d-496a-4d0f-b401-8ae3e76b86ab,,,75.3,123.1,39.7,completed,2026-09-05T15:51:20.568638,2026-09-05T17:54:23.825422
0a37d51d-c957-4f3b-b43e-83f12c5baf4b,5e9d52e4-87f2-4b83-a2af-b9722f583174,0,4c8a509f-04a9-4a9e-95f2-50c885ca0979,,,970.1,1630.5,36.6,completed,2026-09-08T15:51:20.569738,2026-09-09T19:01:50.820820
30a132dd-c2b7-413c-a51d-033ef54e8228,1e50182f-6889-4d86-8c3a-2a633fd01435,0,a2de8edd-b399-484f-8151-3a5ef1d893b0,,288de4cd-bf1a-4a25-847c-68865d138b36,500.0,865.5,39.9,completed,2026-09-07T05:51:20.572366,2026-09-07T20:16:50.984992
02416cca-567a-41fc-bfe4-087775b54b78,1e50182f-6889-4d86-8c3a-2a633fd01435,1,40e70bd2-0f4c-4ed4-8b62-55fce5047760,288de4cd-bf1a-4a25-847c-68865d138b36,faa81e93-f79d-4d3d-9240-87cdf9df3633,422.9,688.1,35.4,completed,2026-09-07T20:16:50.984992,2026-09-08T07:44:57.698487
677247c5-12fa-4fa2-8b81-afde12ed6ffb,1e50182f-6889-4d86-8c3a-2a633fd01435,2,8a6a00d5-73da-4ff5-9558-5f0841ca0cde,faa81e93-f79d-4d3d-9240-87cdf9df3633,,376.4,563.4,46.1,completed,2026-09-08T07:44:57.698487,2026-09-08T17:08:22.720910
1408c6e8-8f5b-49a6-8391-bbec257c7ee9,22a6fa76-ef66-4906-952a-1f6371beb6ac,0,a3a4745c-eb66-433a-b40b-557c0883d783,,,505.8,762.2,40.4,completed,2026-09-07T01:51:20.576075,2026-09-07T14:33:35.575447
8004ab19-447f-485b-8daf-f31af403c399,0b49c0f0-81a6-4607-b6c3-88dfc6947432,0,8b1e91b6-790d-4773-851a-de018a249cec,,,688.0,1064.8,50.5,completed,2026-09-03T10:51:20.577871,2026-09-04T04:36:06.307569
87daebbe-8e82-4a2c-9b1c-4fea1622319f,e2acb50a-8d12-46a1-b164-517c270ed61c,0,be09b6f7-4efa-4ac9-b363-71f395b927fa,,,120.2,151.1,46.3,completed,2026-09-08T13:51:20.580019,2026-09-08T16:22:26.283366
c9301802-5b73-46e0-856d-7e1a7aab6be5,1812c80b-cc1c-43d6-884f-c2f01d15aa60,0,26501679-586c-4236-a890-97e1687dc818,,8fba1efa-7c25-4a5b-b271-bb1ac4460664,505.8,620.7,44.9,completed,2026-09-07T01:51:20.581080,2026-09-07T12:12:03.474350
72a86c3b-d1f6-4d97-9187-7ef10c14519a,1812c80b-cc1c-43d6-884f-c2f01d15aa60,1,3fc6f138-6045-4882-8a16-2692f69d4228,8fba1efa-7c25-4a5b-b271-bb1ac4460664,,120.2,192.9,37.1,completed,2026-09-07T12:12:03.474350,2026-09-07T15:24:55.920459
ef262f9b-12c6-4866-bede-9e8634ac8fa0,104eb0bc-d0c9-4d93-ba0d-3e1157c66afb,0,4642a367-13ec-46f2-8b42-2a9b0cdc2ab5,,69cc852b-0428-432f-9fd5-25c49064f57d,235.3,211.5,52.2,completed,2026-09-07T01:51:20.583304,2026-09-07T05:22:48.899871
b430fd62-b24a-4825-83d2-bce7e47e3596,104eb0bc-d0c9-4d93-ba0d-3e1157c66afb,1,083714ac-54b3-4d64-bc00-704dc355b5f8,69cc852b-0428-432f-9fd5-25c49064f57d,,285.8,365.8,47.8,completed,2026-09-07T05:22:48.899871,2026-09-07T11:28:37.444390
2e5cdadd-a7e4-4241-a9bf-15e5d9ca001b,88743e18-55ec-4bb2-9a12-f85df8612136,0,2d28751d-70ba-4487-82d5-095cea62b22f,,5dbdf32d-78de-4094-b415-861af0ca99a2,540.5,637.4,52.1,completed,2026-09-06T10:51:20.585151,2026-09-06T21:28:45.440970
c2007083-924e-4113-b1ef-57e4377bc6d8,88743e18-55ec-4bb2-9a12-f85df8612136,1,0b6812d6-5270-4d50-bba5-1cd2f77ebe2e,5dbdf32d-78de-4094-b415-861af0ca99a2,69cc852b-0428-432f-9fd5-25c49064f57d,235.3,323.7,39.7,completed,2026-09-06T21:28:45.440970,2026-09-07T02:52:26.044766
5542711e-7dba-4afe-972a-1e70cf18341e,88743e18-55ec-4bb2-9a12-f85df8612136,2,18302a3a-1801-411a-8579-869b4ba4edff,69cc852b-0428-432f-9fd5-25c49064f57d,,285.8,315.0,51.3,completed,2026-09-07T02:52:26.044766,2026-09-07T08:07:25.696925
5a494013-2a4a-4dba-a3af-f8f34d1884e0,3ae54f73-87ed-4191-b3bc-f9fed868e607,0,3fc247b8-f090-4cea-81a6-9112ffe9f796,,,970.1,1050.5,50.8,completed,2026-09-03T08:51:20.588484,2026-09-04T02:21:49.532954
697eb709-780b-4004-a3c4-c5695c80d819,245f1461-312a-47b8-a148-9afa4d28c7e4,0,0b6812d6-5270-4d50-bba5-1cd2f77ebe2e,,,75.3,92.6,40.1,completed,2026-09-07T16:51:20.590749,2026-09-07T18:23:58.762015
d928ba21-d50b-4c24-9200-8d8cdb9111ab,c1dbdcf8-4ba7-489f-ad8f-267145af754c,0,af78bf6c-b541-45e3-93dd-9a69ae91a9ae,,,120.2,171.9,50.9,completed,2026-09-08T22:51:20.591805,2026-09-09T01:43:16.679018
14629fb4-86dc-4aff-a2af-88950e70b8c4,4dcd62ae-102f-4a39-93b1-8d9254983841,0,8a6a00d5-73da-4ff5-9558-5f0841ca0cde,,c2f4b9b4-48ee-4746-958f-6169ba532344,178.1,244.0,49.6,completed,2026-09-05T06:51:20.592913,2026-09-05T10:55:22.454748
30065104-04d5-4262-b62c-3dea2c5e892d,4dcd62ae-102f-4a39-93b1-8d9254983841,1,66e7f631-029c-4810-92a9-8026854edd3f,c2f4b9b4-48ee-4746-958f-6169ba532344,,244.4,354.1,39.4,completed,2026-09-05T10:55:22.454748,2026-09-05T16:49:27.225993
58cbada9-008e-4f05-aa59-c26ac6a0d01f,dbd685fa-6bda-4e94-b9a5-6c9a438f94e9,0,f9bb1bc7-b852-4cb0-9053-42f9f3eea8bc,,a30de39d-9e98-4258-b754-758c8da83902,90.0,99.7,39.3,completed,2026-09-03T22:51:20.594990,2026-09-04T00:31:03.191083
29551c79-3b06-47d9-a7ae-40a2e07fe0e4,dbd685fa-6bda-4e94-b9a5-6c9a438f94e9,1,40e70bd2-0f4c-4ed4-8b62-55fce5047760,a30de39d-9e98-4258-b754-758c8da83902,,285.8,518.7,32.4,completed,2026-09-04T00:31:03.191083,2026-09-04T09:09:45.465136
6a50d886-1cfe-4a5c-8362-bd5412e79464,125812eb-bcb4-45b0-afc1-17d25eb186b8,0,69b345b3-ec55-408a-978c-9b0062c84f4a,,,207.7,248.1,49.2,completed,2026-09-08T18:51:20.596923,2026-09-08T22:59:25.762364
24049ce7-f22d-4e99-8cfa-badecbd9eeca,aeda1924-e543-4eae-9e86-3b5901661cdf,0,3fc6f138-6045-4882-8a16-2692f69d4228,,,285.8,414.7,45.3,completed,2026-09-08T22:51:20.598241,2026-09-09T05:46:03.329298
09157476-a5e0-4072-bb43-f08da4631be8,575b3114-da11-4a31-8ad6-7de78a30e9b3,0,0f6665ac-5ddd-43a7-a9a3-d15d46cfbc97,,,90.0,130.3,45.8,completed,2026-09-08T21:51:20.599595,2026-09-09T00:01:41.097253
1a061a3b-8993-4dca-9bc9-05ac04c563d8,0d666528-fd8a-4722-9376-27c620da86ef,0,d265c88a-1052-4bc1-b426-bc9a3e77f666,,,293.4,524.1,31.5,completed,2026-09-05T18:51:20.600645,2026-09-06T03:35:24.758318
6b8fd008-92b1-477b-84a0-b04ffd1717ca,0590974f-dbb6-4b17-a955-0416b2ea308e,0,01d788c4-9b57-4add-abf0-739f958b4aa3,,69cc852b-0428-432f-9fd5-25c49064f57d,285.8,359.8,43.0,completed,2026-09-02T22:51:20.602299,2026-09-03T04:51:10.478299
38bc67e2-7b09-4e22-a092-b6d82e2598c3,0590974f-dbb6-4b17-a955-0416b2ea308e,1,1f148489-0bcb-4470-8354-42eed5c4f971,69cc852b-0428-432f-9fd5-25c49064f57d,5dbdf32d-78de-4094-b415-861af0ca99a2,235.3,250.7,49.9,completed,2026-09-03T04:51:10.478299,2026-09-03T09:01:49.848422
d422d7d3-0fb4-443e-9b26-733673b088b2,0590974f-dbb6-4b17-a955-0416b2ea308e,2,f0496c8a-1f5c-4cdb-b570-7a6925cd94f7,5dbdf32d-78de-4094-b415-861af0ca99a2,9e7e9588-92a7-42c9-9eef-e79c1acf67b7,540.5,891.2,38.6,completed,2026-09-03T09:01:49.848422,2026-09-03T23:52:59.800343
172ecb7a-2692-47a9-9ca5-d60f789a7802,0590974f-dbb6-4b17-a955-0416b2ea308e,3,083442ef-2844-4bf4-90c7-0a4c51e16ed0,9e7e9588-92a7-42c9-9eef-e79c1acf67b7,b091d926-3e9c-4a1f-a8da-f30db329106c,207.7,284.2,41.7,completed,2026-09-03T23:52:59.800343,2026-09-04T04:37:12.004999
b6f3e6bf-06be-43c1-a729-58227415ac54,0590974f-dbb6-4b17-a955-0416b2ea308e,4,083442ef-2844-4bf4-90c7-0a4c51e16ed0,b091d926-3e9c-4a1f-a8da-f30db329106c,,232.9,423.3,38.4,completed,2026-09-04T04:37:12.004999,2026-09-04T11:40:29.864195
62db5b6a-a930-4856-aa3d-d45d78c72773,006db5ff-5ec5-4ad6-82b6-c37b498e8e9a,0,0aa62c09-bc7a-4951-9708-4a86275ad8c6,,,688.0,939.2,44.0,completed,2026-09-08T17:51:20.606787,2026-09-09T09:30:32.682241
e7beed26-6382-48ba-b3b5-928cd5a6aa8a,087df422-c5e3-4f91-a667-4386034e6951,0,f0496c8a-1f5c-4cdb-b570-7a6925cd94f7,,,232.9,338.5,45.6,completed,2026-09-07T01:51:20.608804,2026-09-07T07:29:48.715117
fe35edc5-87ce-4f72-8cbd-1b3b1d099a18,16f2fb8a-cbc7-430f-ab6f-95e701c8a444,0,f90f6baa-4c59-416d-9cdd-708265156686,,,75.3,108.3,42.3,completed,2026-09-07T09:51:20.612318,2026-09-07T11:39:41.355493
fdc5cc0f-4cf9-4184-838a-f816d6bf27f2,0b5db603-257f-41b2-a215-cca05095b872,0,1f148489-0bcb-4470-8354-42eed5c4f971,,2ddf4880-95a6-4875-857d-f1d095b7fc48,376.4,509.7,44.2,completed,2026-09-08T15:51:20.613753,2026-09-09T00:21:00.313206
12b905c1-93dc-47e2-8870-c60d91d0ac0c,0b5db603-257f-41b2-a215-cca05095b872,1,8a6a00d5-73da-4ff5-9558-5f0841ca0cde,2ddf4880-95a6-4875-857d-f1d095b7fc48,c2f4b9b4-48ee-4746-958f-6169ba532344,540.9,722.2,53.0,completed,2026-09-09T00:21:00.313206,2026-09-09T12:23:10.064613
cfda7d65-40bc-4eab-9368-c22c9fcdbdfd,0b5db603-257f-41b2-a215-cca05095b872,2,b05b01d0-a319-4a48-8fe3-e2a08529ea69,c2f4b9b4-48ee-4746-958f-6169ba532344,,178.1,241.0,49.2,completed,2026-09-09T12:23:10.064613,2026-09-09T16:24:08.204151
a260b1aa-983d-4648-9b40-34961028a861,af8d1b14-2de0-409b-bcec-b42fe34000a7,0,5a546a9f-4ddf-4c19-9b83-d659726fc137,,5dbdf32d-78de-4094-b415-861af0ca99a2,235.3,342.3,48.0,completed,2026-09-07T02:51:20.616998,2026-09-07T08:33:40.900542
38bc61fe-e9a9-4e0a-b627-8a11834d1a21,af8d1b14-2de0-409b-bcec-b42fe34000a7,1,69dc041e-ef44-4acf-ba8b-2d8da688425f,5dbdf32d-78de-4094-b415-861af0ca99a2,9e7e9588-92a7-42c9-9eef-e79c1acf67b7,540.5,984.9,39.9,completed,2026-09-07T08:33:40.900542,2026-09-08T00:58:35.271841
076ac0ef-cb88-4a15-996b-bb7026460319,af8d1b14-2de0-409b-bcec-b42fe34000a7,2,8a6a00d5-73da-4ff5-9558-5f0841ca0cde,9e7e9588-92a7-42c9-9eef-e79c1acf67b7,b091d926-3e9c-4a1f-a8da-f30db329106c,207.7,284.2,41.7,completed,2026-09-08T00:58:35.271841,2026-09-08T05:42:48.133433
b67bf36b-1ffc-47f0-a676-2408b1170019,af8d1b14-2de0-409b-bcec-b42fe34000a7,3,ade5ec49-869b-47d3-b852-1a9ceedbe841,b091d926-3e9c-4a1f-a8da-f30db329106c,,232.9,308.1,44.9,completed,2026-09-08T05:42:48.133433,2026-09-08T10:50:51.557190
e09aa0d6-b203-4808-a8ca-7e1b1d34cbaf,d6ea2221-a265-4044-8d2d-a4b0f725e14c,0,bda819c9-5bc1-45c0-b673-47f1f8fc1da8,,faa81e93-f79d-4d3d-9240-87cdf9df3633,688.0,1118.8,39.4,completed,2026-09-03T17:51:20.621011,2026-09-04T12:30:10.863723
c21c4ac6-d447-4c2e-a654-83bb09e7a9d5,d6ea2221-a265-4044-8d2d-a4b0f725e14c,1,8462dc55-59d5-47f4-8209-5f47c6bf99ca,faa81e93-f79d-4d3d-9240-87cdf9df3633,,970.1,1018.3,40.3,completed,2026-09-04T12:30:10.863723,2026-09-05T05:28:31.625182
0ac65e6e-703b-4311-8962-7ba3ca9186fd,3e3688d4-fa80-4d9c-b3d3-77eb61557db0,0,7c1ae16d-496a-4d0f-b401-8ae3e76b86ab,,,970.1,1303.8,43.3,completed,2026-09-03T19:51:20.624581,2026-09-04T17:35:08.828753
8f9fc34f-c08f-4d33-bf56-9ca0e8f5b0e3,24cd764d-73ed-4c52-bd87-60fcf4a4946b,0,b05b01d0-a319-4a48-8fe3-e2a08529ea69,,288de4cd-bf1a-4a25-847c-68865d138b36,500.0,678.8,45.0,completed,2026-09-04T19:51:20.626982,2026-09-05T07:10:06.443455
40be537a-b6b6-4e91-98a2-85895da56b5d,24cd764d-73ed-4c52-bd87-60fcf4a4946b,1,6d65ee0b-0d87-4816-9b43-1e74af2b76bd,288de4cd-bf1a-4a25-847c-68865d138b36,faa81e93-f79d-4d3d-9240-87cdf9df3633,422.9,767.4,35.9,completed,2026-09-05T07:10:06.443455,2026-09-05T19:57:33.254160
4124610b-658a-4cb2-97d2-dd214ce99220,24cd764d-73ed-4c52-bd87-60fcf4a4946b,2,463a85e7-e033-4bec-a267-bfa7aa85640d,faa81e93-f79d-4d3d-9240-87cdf9df3633,2ddf4880-95a6-4875-857d-f1d095b7fc48,376.4,468.1,40.0,completed,2026-09-05T19:57:33.254160,2026-09-06T03:45:39.987551
88073ff7-b580-4fb7-911d-7294e75aeada,24cd764d-73ed-4c52-bd87-60fcf4a4946b,3,0790fa20-df4f-43aa-b491-56eb44a3e0b6,2ddf4880-95a6-4875-857d-f1d095b7fc48,,540.9,774.6,42.2,completed,2026-09-06T03:45:39.987551,2026-09-06T16:40:16.436582
f9683464-b43c-49b9-9eaa-5723240c0b71,d635fb3c-c047-44b4-b3cc-6039dfb8c49e,0,ca72bc65-aac8-4954-8b12-0a27325a1ce7,,c2f4b9b4-48ee-4746-958f-6169ba532344,178.1,247.4,39.6,completed,2026-09-08T22:51:20.631930,2026-09-09T02:58:46.374008
916c925f-26d0-4354-ab09-cd82e2df2546,d635fb3c-c047-44b4-b3cc-6039dfb8c49e,1,0eefecd2-5b8c-4f61-ae34-838b16b53659,c2f4b9b4-48ee-4746-958f-6169ba532344,2ddf4880-95a6-4875-857d-f1d095b7fc48,540.9,1067.8,36.8,completed,2026-09-09T02:58:46.374008,2026-09-09T20:46:32.681883
9cc5601d-e1f4-44bb-9f8e-edc7475f7eda,d635fb3c-c047-44b4-b3cc-6039dfb8c49e,2,a3a4745c-eb66-433a-b40b-557c0883d783,2ddf4880-95a6-4875-857d-f1d095b7fc48,faa81e93-f79d-4d3d-9240-87cdf9df3633,376.4,574.7,39.2,completed,2026-09-09T20:46:32.681883,2026-09-10T06:21:14.276167
bc88d5a7-2fde-4587-ac45-37116978c03e,d635fb3c-c047-44b4-b3cc-6039dfb8c49e,3,b41f802e-0393-409e-935b-003cfa28c0bd,faa81e93-f79d-4d3d-9240-87cdf9df3633,,422.9,551.7,44.4,completed,2026-09-10T06:21:14.276167,2026-09-10T15:32:55.635719
885bd0d2-5a83-471d-8ba5-22b3075556e6,eb5eadbd-e2a6-4a99-b14e-87ec40b09966,0,34b71c44-bb25-47df-85ce-03a39fc9ac10,,,293.4,561.2,33.7,completed,2026-09-07T02:51:20.636486,2026-09-07T12:12:34.349461
9856fa91-fead-4b46-a1d1-af9facb00d64,ee184809-de75-4c18-9e7c-a261fb998c69,0,0f7a5a1e-c1b1-4db5-b7bc-22c0b78c5171,,,244.4,269.8,50.7,completed,2026-09-04T22:51:20.638168,2026-09-05T03:21:07.812268
2d1b0274-eaf9-4e81-829e-3cf326c89b33,0cc533a1-ad7e-41b7-a447-5c30934d0dc3,0,40e70bd2-0f4c-4ed4-8b62-55fce5047760,,b091d926-3e9c-4a1f-a8da-f30db329106c,232.9,333.9,45.1,completed,2026-09-03T09:51:20.639496,2026-09-03T15:25:16.929379
35008f90-bcb4-4a80-b607-21d423e97c5a,0cc533a1-ad7e-41b7-a447-5c30934d0dc3,1,66e7f631-029c-4810-92a9-8026854edd3f,b091d926-3e9c-4a1f-a8da-f30db329106c,9e7e9588-92a7-42c9-9eef-e79c1acf67b7,207.7,259.2,43.1,completed,2026-09-03T15:25:16.929379,2026-09-03T19:44:31.489404
f2fb2edf-6758-40d0-b063-56359176e2d1,0cc533a1-ad7e-41b7-a447-5c30934d0dc3,2,310f7ff6-c724-4278-b409-74d1ab8bf019,9e7e9588-92a7-42c9-9eef-e79c1acf67b7,5dbdf32d-78de-4094-b415-861af0ca99a2,540.5,866.7,41.7,completed,2026-09-03T19:44:31.489404,2026-09-04T10:11:12.027563
770374b7-fbf2-45ce-8d4d-d847820e2609,0cc533a1-ad7e-41b7-a447-5c30934d0dc3,3,7a135a62-fc87-4ff4-aa59-1019fc6df31e,5dbdf32d-78de-4094-b415-861af0ca99a2,69cc852b-0428-432f-9fd5-25c49064f57d,235.3,472.1,33.6,completed,2026-09-04T10:11:12.027563,2026-09-04T18:03:20.978563
b6d1fd3c-e816-4b41-89b0-0f08f0d3f52e,0cc533a1-ad7e-41b7-a447-5c30934d0dc3,4,463a85e7-e033-4bec-a267-bfa7aa85640d,69cc852b-0428-432f-9fd5-25c49064f57d,a30de39d-9e98-4258-b754-758c8da83902,285.8,491.1,41.7,completed,2026-09-04T18:03:20.978563,2026-09-05T02:14:24.416480
c6dea6ce-e741-4d4a-b545-a78bd4249185,0cc533a1-ad7e-41b7-a447-5c30934d0dc3,5,6be0475c-e19c-4d4f-aced-f1b613d87548,a30de39d-9e98-4258-b754-758c8da83902,,90.0,167.1,35.4,completed,2026-09-05T02:14:24.416480,2026-09-05T05:01:30.719379
b1c8200a-ddb7-45cc-977b-ec305574c5fe,ce13ae61-6446-442e-8e0d-232f8126a630,0,310f7ff6-c724-4278-b409-74d1ab8bf019,,288de4cd-bf1a-4a25-847c-68865d138b36,422.9,745.9,35.3,completed,2026-09-06T21:51:20.644603,2026-09-07T10:17:17.462830
5293a00c-641f-4707-aa60-297194b59333,ce13ae61-6446-442e-8e0d-232f8126a630,1,69dc6351-3e90-4155-9ccd-371b5c0cdbf3,288de4cd-bf1a-4a25-847c-68865d138b36,,500.0,902.3,33.7,completed,2026-09-07T10:17:17.462830,2026-09-08T01:19:33.016571
606177d3-1af5-4bc9-bded-59af6c445f8d,3f0ad93b-27e9-4c13-915b-d47cf216eb6f,0,9db88e80-6a44-4430-b307-494694355bcb,,,505.8,729.0,43.5,completed,2026-09-03T19:51:20.647970,2026-09-04T08:00:22.321164
44382357-ce29-4d65-990a-39ec9e93e9f2,59adecc7-d64d-47fe-8173-b7805b5c0c43,0,7c1ae16d-496a-4d0f-b401-8ae3e76b86ab,,c2f4b9b4-48ee-4746-958f-6169ba532344,178.1,163.8,49.5,completed,2026-09-03T06:51:20.649736,2026-09-03T09:35:10.058837
f57ddbee-6cad-4e36-95bd-cca0dd7f04d1,59adecc7-d64d-47fe-8173-b7805b5c0c43,1,0aa62c09-bc7a-4951-9708-4a86275ad8c6,c2f4b9b4-48ee-4746-958f-6169ba532344,9708822b-62d4-4ac2-ae57-f36abd36b0cb,244.4,313.7,49.5,completed,2026-09-03T09:35:10.058837,2026-09-03T14:48:49.155515
a6ae2d9b-4cf7-4da1-8164-66bb03f14744,59adecc7-d64d-47fe-8173-b7805b5c0c43,2,a3a4745c-eb66-433a-b40b-557c0883d783,9708822b-62d4-4ac2-ae57-f36abd36b0cb,,75.3,83.6,47.8,completed,2026-09-03T14:48:49.155515,2026-09-03T16:12:28.095708
fb0f2bcf-1961-4ed7-b9f2-2ec6b85bb932,e9378d34-9971-432a-89f9-bd3a57649ca3,0,0f7a5a1e-c1b1-4db5-b7bc-22c0b78c5171,,9e7e9588-92a7-42c9-9eef-e79c1acf67b7,207.7,344.7,35.0,completed,2026-09-06T00:51:20.651973,2026-09-06T06:36:04.212883
e5253166-6423-4af2-a4e3-7306ec364a2a,e9378d34-9971-432a-89f9-bd3a57649ca3,1,7c1ae16d-496a-4d0f-b401-8ae3e76b86ab,9e7e9588-92a7-42c9-9eef-e79c1acf67b7,5dbdf32d-78de-4094-b415-861af0ca99a2,540.5,623.2,48.3,completed,2026-09-06T06:36:04.212883,2026-09-06T16:59:15.198996
be07be19-1dd2-4b25-b3a1-16e9d0f988d9,e9378d34-9971-432a-89f9-bd3a57649ca3,2,f90f6baa-4c59-416d-9cdd-708265156686,5dbdf32d-78de-4094-b415-861af0ca99a2,69cc852b-0428-432f-9fd5-25c49064f57d,235.3,446.7,31.8,completed,2026-09-06T16:59:15.198996,2026-09-07T00:25:58.331905
a544d38e-01de-4eaa-9076-5e78f7c263b9,e9378d34-9971-432a-89f9-bd3a57649ca3,3,6be0475c-e19c-4d4f-aced-f1b613d87548,69cc852b-0428-432f-9fd5-25c49064f57d,,285.8,458.7,37.2,completed,2026-09-07T00:25:58.331905,2026-09-07T08:04:41.834525
8c58a6ac-ce00-484a-95c4-fd83573c261b,87fd1fd4-a5aa-4bf8-b7c9-67c7a79cf4ad,0,083442ef-2844-4bf4-90c7-0a4c51e16ed0,,c2f4b9b4-48ee-4746-958f-6169ba532344,178.1,224.2,50.1,completed,2026-09-07T03:51:20.656073,2026-09-07T07:35:31.643876
786d800b-7a9e-4821-863d-97f6c828f781,87fd1fd4-a5aa-4bf8-b7c9-67c7a79cf4ad,1,b05b01d0-a319-4a48-8fe3-e2a08529ea69,c2f4b9b4-48ee-4746-958f-6169ba532344,2ddf4880-95a6-4875-857d-f1d095b7fc48,540.9,552.3,56.3,completed,2026-09-07T07:35:31.643876,2026-09-07T16:47:49.097343
465ed0c0-4362-4d5b-b44c-a166ed9219f2,87fd1fd4-a5aa-4bf8-b7c9-67c7a79cf4ad,2,b41f802e-0393-409e-935b-003cfa28c0bd,2ddf4880-95a6-4875-857d-f1d095b7fc48,faa81e93-f79d-4d3d-9240-87cdf9df3633,376.4,393.4,49.1,completed,2026-09-07T16:47:49.097343,2026-09-07T23:21:13.940797
21d9f67f-aab7-4a78-8911-5ece235e1571,87fd1fd4-a5aa-4bf8-b7c9-67c7a79cf4ad,3,d265c88a-1052-4bc1-b426-bc9a3e77f666,faa81e93-f79d-4d3d-9240-87cdf9df3633,288de4cd-bf1a-4a25-847c-68865d138b36,422.9,817.1,32.4,completed,2026-09-07T23:21:13.940797,2026-09-08T12:58:18.194116
bb72aed5-a670-4cb2-b53d-d7416155f67f,87fd1fd4-a5aa-4bf8-b7c9-67c7a79cf4ad,4,be09b6f7-4efa-4ac9-b363-71f395b927fa,288de4cd-bf1a-4a25-847c-68865d138b36,,500.0,984.6,32.8,completed,2026-09-08T12:58:18.194116,2026-09-09T05:22:53.609882
9afa422f-c184-41df-bf05-2fe4a2308922,1e4c3b25-074b-403f-b596-ff3a2f75673c,0,34b71c44-bb25-47df-85ce-03a39fc9ac10,,9e7e9588-92a7-42c9-9eef-e79c1acf67b7,207.7,292.8,45.8,completed,2026-09-03T04:51:20.663179,2026-09-03T09:44:07.136368
759a5346-52a2-4188-9395-d0753f0bbde9,1e4c3b25-074b-403f-b596-ff3a2f75673c,1,bda819c9-5bc1-45c0-b673-47f1f8fc1da8,9e7e9588-92a7-42c9-9eef-e79c1acf67b7,5dbdf32d-78de-4094-b415-861af0ca99a2,540.5,611.7,39.8,completed,2026-09-03T09:44:07.136368,2026-09-03T19:55:51.348560
8040c715-a718-4560-9310-93677bc39edd,1e4c3b25-074b-403f-b596-ff3a2f75673c,2,ade5ec49-869b-47d3-b852-1a9ceedbe841,5dbdf32d-78de-4094-b415-861af0ca99a2,69cc852b-0428-432f-9fd5-25c49064f57d,235.3,291.8,45.7,completed,2026-09-03T19:55:51.348560,2026-09-04T00:47:37.130347
889d9bc1-1931-48ea-8d29-71e96dfa21e5,1e4c3b25-074b-403f-b596-ff3a2f75673c,3,1f148489-0bcb-4470-8354-42eed5c4f971,69cc852b-0428-432f-9fd5-25c49064f57d,,285.8,508.5,36.6,completed,2026-09-04T00:47:37.130347,2026-09-04T09:16:08.324534
db3a5957-e52f-4104-be9e-90bc9c1ccccc,b2e50123-de5a-44da-bf69-57222f81d15b,0,18302a3a-1801-411a-8579-869b4ba4edff,,,505.8,619.4,44.1,completed,2026-09-05T04:51:20.666964,2026-09-05T15:10:44.610985
e6856ed1-568e-44d9-b73a-fadb9d96ea5b,be1ffcc4-c89a-4130-a872-3ac57ed30984,0,eda803f0-7286-45ff-8f75-84584956b46f,,,244.4,363.6,46.2,completed,2026-09-08T22:51:20.668614,2026-09-09T04:54:56.803068
b509a5a5-b6de-4d74-a013-61cd67badb38,1844f8bf-fc8b-4ff9-876e-739eb73d9be3,0,ade5ec49-869b-47d3-b852-1a9ceedbe841,,2ddf4880-95a6-4875-857d-f1d095b7fc48,540.9,768.1,39.0,completed,2026-09-06T06:51:20.670014,2026-09-06T19:39:26.441442
45fc4cdd-1e4f-4039-90e1-47a76803f597,1844f8bf-fc8b-4ff9-876e-739eb73d9be3,1,69dc041e-ef44-4acf-ba8b-2d8da688425f,2ddf4880-95a6-4875-857d-f1d095b7fc48,faa81e93-f79d-4d3d-9240-87cdf9df3633,376.4,495.6,38.8,completed,2026-09-06T19:39:26.441442,2026-09-07T03:55:04.466225
4aa40445-6b71-42c1-bece-45e7c113788a,1844f8bf-fc8b-4ff9-876e-739eb73d9be3,2,26501679-586c-4236-a890-97e1687dc818,faa81e93-f79d-4d3d-9240-87cdf9df3633,,422.9,630.1,41.4,completed,2026-09-07T03:55:04.466225,2026-09-07T14:25:12.768603
879365dc-44f3-4c1a-84f7-291ec4291d64,0d8ea3d3-8554-46f2-8116-2632ee3e050d,0,0f6665ac-5ddd-43a7-a9a3-d15d46cfbc97,,5dbdf32d-78de-4094-b415-861af0ca99a2,235.3,425.4,37.2,completed,2026-09-03T17:51:20.673581,2026-09-04T00:56:43.356409
31571100-29ec-4ee7-8f46-473a02ffc8ec,0d8ea3d3-8554-46f2-8116-2632ee3e050d,1,083442ef-2844-4bf4-90c7-0a4c51e16ed0,5dbdf32d-78de-4094-b415-861af0ca99a2,,540.5,708.9,40.8,completed,2026-09-04T00:56:43.356409,2026-09-04T12:45:39.251983
0fd9d376-375d-47c9-aeb4-3dd458dcb9fd,4dea94c9-2543-402a-bafb-5806fce53a6e,0,40e70bd2-0f4c-4ed4-8b62-55fce5047760,,,120.2,174.6,43.4,completed,2026-09-05T10:51:20.676408,2026-09-05T13:45:56.262377
0099bdb9-c456-4c97-9ac9-53fde9dc04d9,d075ff21-6a3d-49cd-bbb5-15bfaebf994d,0,5a546a9f-4ddf-4c19-9b83-d659726fc137,,faa81e93-f79d-4d3d-9240-87cdf9df3633,422.9,698.6,46.0,completed,2026-09-06T11:51:20.677769,2026-09-06T23:29:56.192745
765ed947-4bc6-4cdb-802a-e7cae7b48f6e,d075ff21-6a3d-49cd-bbb5-15bfaebf994d,1,6478d1df-2c1f-4f3c-aa1e-03fde769c1f7,faa81e93-f79d-4d3d-9240-87cdf9df3633,,376.4,434.5,34.2,completed,2026-09-06T23:29:56.192745,2026-09-07T06:44:25.239610
c6ca65ef-4ce9-413f-878a-4b484b62da1d,67115e93-5a7c-46b3-a59d-95ee9290be1f,0,eef8d72c-0ab6-40fa-a165-615edc5821f1,,,505.8,799.0,42.6,completed,2026-09-07T08:51:20.680483,2026-09-07T22:10:18.796964
299c76c7-5ddf-421c-b010-1d8beebcf033,52be96f7-7532-4b6d-9b75-baaf573ccb7a,0,0eefecd2-5b8c-4f61-ae34-838b16b53659,,5dbdf32d-78de-4094-b415-861af0ca99a2,235.3,322.9,37.7,completed,2026-09-03T05:51:20.682674,2026-09-03T11:14:15.721424
2681853a-01ca-4e4c-876a-34e51de14373,52be96f7-7532-4b6d-9b75-baaf573ccb7a,1,3fc247b8-f090-4cea-81a6-9112ffe9f796,5dbdf32d-78de-4094-b415-861af0ca99a2,9e7e9588-92a7-42c9-9eef-e79c1acf67b7,540.5,910.7,39.1,completed,2026-09-03T11:14:15.721424,2026-09-04T02:24:55.948640
c79bd32e-2662-403b-8fdd-c2b39382022e,52be96f7-7532-4b6d-9b75-baaf573ccb7a,2,26501679-586c-4236-a890-97e1687dc818,9e7e9588-92a7-42c9-9eef-e79c1acf67b7,,207.7,255.9,44.4,completed,2026-09-04T02:24:55.948640,2026-09-04T06:40:48.349736
d847a093-ed4f-47b5-8d69-fef6ea4015fb,25a8e339-0cb9-480d-91bc-abffbfac62ae,0,3cb3181a-1d19-4827-b8eb-3faba1e231e3,,,293.4,404.7,48.8,completed,2026-09-03T00:51:20.685901,2026-09-03T07:36:04.549809
14cb4489-bb83-417d-8b3f-c8e45f69012f,549909c1-8979-4fdd-aac2-7f461c0f1e33,0,837cfbee-afbc-4408-b0d4-a3037b7f109f,,288de4cd-bf1a-4a25-847c-68865d138b36,422.9,585.2,51.3,completed,2026-09-07T03:51:20.687572,2026-09-07T13:36:32.931108
540f3f68-78de-4e89-9e6a-f2134f92fed5,549909c1-8979-4fdd-aac2-7f461c0f1e33,1,9db88e80-6a44-4430-b307-494694355bcb,288de4cd-bf1a-4a25-847c-68865d138b36,,500.0,697.8,49.1,completed,2026-09-07T13:36:32.931108,2026-09-08T01:14:19.712134
8fb82658-0170-4e6b-bb86-c5b4bf5ce400,780a6dcd-1217-417e-bbe0-b2f6461c1fcb,0,f9bb1bc7-b852-4cb0-9053-42f9f3eea8bc,,faa81e93-f79d-4d3d-9240-87cdf9df3633,688.0,1104.0,38.5,completed,2026-09-04T18:51:20.690711,2026-09-05T13:15:22.048280
af2553a8-560c-4a87-b4ef-9e4063e906ef,780a6dcd-1217-417e-bbe0-b2f6461c1fcb,1,1f148489-0bcb-4470-8354-42eed5c4f971,faa81e93-f79d-4d3d-9240-87cdf9df3633,,970.1,1290.9,40.8,completed,2026-09-05T13:15:22.048280,2026-09-06T10:46:18.395472
f7729f10-f546-4d7c-9483-b9c29a7479dc,d36f2b61-6d36-40f2-8d35-48dab0aa5689,0,01d788c4-9b57-4add-abf0-739f958b4aa3,,69cc852b-0428-432f-9fd5-25c49064f57d,235.3,415.5,37.7,completed,2026-09-07T19:51:20.694597,2026-09-08T02:46:48.123883
586c9a88-93d9-479d-886e-62bd4b515aa7,d36f2b61-6d36-40f2-8d35-48dab0aa5689,1,ade5ec49-869b-47d3-b852-1a9ceedbe841,69cc852b-0428-432f-9fd5-25c49064f57d,,285.8,453.8,35.1,completed,2026-09-08T02:46:48.123883,2026-09-08T10:20:36.391512
bef60b28-2a43-44ed-a32e-d61453e963b1,a2f39be4-e344-4f7f-8189-b537f1f2ce0a,0,3fc6f138-6045-4882-8a16-2692f69d4228,,faa81e93-f79d-4d3d-9240-87cdf9df3633,970.1,1289.9,40.8,completed,2026-09-08T00:51:20.697047,2026-09-08T22:21:14.409535
640d58ee-62ee-4fc2-b813-0037b476e737,a2f39be4-e344-4f7f-8189-b537f1f2ce0a,1,eda803f0-7286-45ff-8f75-84584956b46f,faa81e93-f79d-4d3d-9240-87cdf9df3633,,688.0,860.5,45.6,completed,2026-09-08T22:21:14.409535,2026-09-09T12:41:45.085608
2790c0cd-13a0-4b63-9328-c6e1bafe5508,d19b5d8f-c1c9-4368-b481-67762eb41f0f,0,66e7f631-029c-4810-92a9-8026854edd3f,,c2f4b9b4-48ee-4746-958f-6169ba532344,178.1,219.2,41.8,completed,2026-09-03T04:51:20.701016,2026-09-03T08:30:35.158625
4d818a2e-d4fb-4d53-af4e-7caccd0fe985,d19b5d8f-c1c9-4368-b481-67762eb41f0f,1,69dc6351-3e90-4155-9ccd-371b5c0cdbf3,c2f4b9b4-48ee-4746-958f-6169ba532344,9708822b-62d4-4ac2-ae57-f36abd36b0cb,244.4,312.8,51.3,completed,2026-09-03T08:30:35.158625,2026-09-03T13:43:21.835505
7ccf4443-fb1f-422d-9561-a35ffcd1b77e,d19b5d8f-c1c9-4368-b481-67762eb41f0f,2,5a546a9f-4ddf-4c19-9b83-d659726fc137,9708822b-62d4-4ac2-ae57-f36abd36b0cb,,75.3,106.5,42.4,completed,2026-09-03T13:43:21.835505,2026-09-03T15:29:50.317343
64fba162-65cf-441a-9906-ed87ba73fb9b,e9679db3-c267-4596-9780-253cb50a8675,0,69dc6351-3e90-4155-9ccd-371b5c0cdbf3,,faa81e93-f79d-4d3d-9240-87cdf9df3633,376.4,365.1,50.7,completed,2026-09-03T14:51:20.703889,2026-09-03T20:56:27.513595
5e87c6ce-2e9a-443a-a752-d6a0c729bd16,e9679db3-c267-4596-9780-253cb50a8675,1,3cb3181a-1d19-4827-b8eb-3faba1e231e3,faa81e93-f79d-4d3d-9240-87cdf9df3633,288de4cd-bf1a-4a25-847c-68865d138b36,422.9,457.6,45.2,completed,2026-09-03T20:56:27.513595,2026-09-04T04:34:06.263142
77d33706-cad5-40b0-b3a6-7028465d328a,e9679db3-c267-4596-9780-253cb50a8675,2,c787e085-877f-4d78-a2c0-2d7e54816f5c,288de4cd-bf1a-4a25-847c-68865d138b36,,500.0,844.0,43.1,completed,2026-09-04T04:34:06.263142,2026-09-04T18:38:06.758979
c32da0a5-2590-4223-8a6a-4f554ed85b9d,a7d8d00b-0608-4ab1-abe7-af633867e468,0,c787e085-877f-4d78-a2c0-2d7e54816f5c,,faa81e93-f79d-4d3d-9240-87cdf9df3633,688.0,826.9,47.4,completed,2026-09-08T20:51:20.707550,2026-09-09T10:38:15.972872
885ac48b-8711-4f5e-89ec-3573f9ec80bc,a7d8d00b-0608-4ab1-abe7-af633867e468,1,ca72bc65-aac8-4954-8b12-0a27325a1ce7,faa81e93-f79d-4d3d-9240-87cdf9df3633,,970.1,1217.7,45.9,completed,2026-09-09T10:38:15.972872,2026-09-10T06:56:00.332744
aaaba49c-eb36-4993-9428-459032f68f7b,f93331a1-3141-4776-9a77-f9a721302fd8,0,ca72bc65-aac8-4954-8b12-0a27325a1ce7,,,244.4,270.4,48.4,completed,2026-09-07T06:51:20.711082,2026-09-07T11:21:45.150414
9aaa4492-a8bd-4a89-8608-22a07c8641b4,1c76175b-7fa0-4a81-9f78-d02f64ce548a,0,aecd6e72-018b-448f-a8dd-3e84d11fdeea,,,244.4,316.9,40.9,completed,2026-09-06T05:51:20.712619,2026-09-06T11:08:14.742820
b5f61bb2-7e06-4495-8cd4-ecbbe175c0ea,50c4d69d-d5ee-4f4e-8381-a433cd24c86c,0,f0496c8a-1f5c-4cdb-b570-7a6925cd94f7,,,505.8,818.1,39.4,completed,2026-09-04T05:51:20.714778,2026-09-04T19:29:29.616628
e9aa723b-c29e-4797-88aa-c35f60de3eb2,595ce866-3eef-432e-a569-091aad21f02e,0,083714ac-54b3-4d64-bc00-704dc355b5f8,,c2f4b9b4-48ee-4746-958f-6169ba532344,178.1,228.3,51.5,completed,2026-09-03T13:51:20.717062,2026-09-03T17:39:36.210009
31a09d34-ae1c-40dc-b57c-472c6399b012,595ce866-3eef-432e-a569-091aad21f02e,1,5a546a9f-4ddf-4c19-9b83-d659726fc137,c2f4b9b4-48ee-4746-958f-6169ba532344,,244.4,330.6,43.3,completed,2026-09-03T17:39:36.210009,2026-09-03T23:10:09.357753
599bd7c2-7ffa-45a5-9c4e-c3e98d7f73d7,fb7792ae-4885-4454-80b4-6ab894e490f4,0,3cb3181a-1d19-4827-b8eb-3faba1e231e3,,8fba1efa-7c25-4a5b-b271-bb1ac4460664,120.2,202.8,41.8,completed,2026-09-05T08:51:20.719780,2026-09-05T12:14:10.427852
2a7914ea-966a-4cdc-bc88-63ae486dfa37,fb7792ae-4885-4454-80b4-6ab894e490f4,1,f0496c8a-1f5c-4cdb-b570-7a6925cd94f7,8fba1efa-7c25-4a5b-b271-bb1ac4460664,,505.8,1094.3,29.9,completed,2026-09-05T12:14:10.427852,2026-09-06T06:28:28.944687
56bf3faf-503e-4fd2-a525-665c1d943169,1e37dfa4-61f2-48f3-afd7-ea921733f201,0,6d65ee0b-0d87-4816-9b43-1e74af2b76bd,,,505.8,773.4,37.7,completed,2026-09-08T12:51:20.723110,2026-09-09T01:44:43.093645
02fa3f8b-34ea-480d-bc85-0110324441b9,81f92903-ce03-407a-a4d3-1a09892c1532,0,2d28751d-70ba-4487-82d5-095cea62b22f,,9708822b-62d4-4ac2-ae57-f36abd36b0cb,75.3,92.0,46.6,completed,2026-09-04T12:51:20.725275,2026-09-04T14:23:22.687437
d50929ac-daaf-429f-b252-81d3995ec4d6,81f92903-ce03-407a-a4d3-1a09892c1532,1,69dc6351-3e90-4155-9ccd-371b5c0cdbf3,9708822b-62d4-4ac2-ae57-f36abd36b0cb,c2f4b9b4-48ee-4746-958f-6169ba532344,244.4,322.5,45.9,completed,2026-09-04T14:23:22.687437,2026-09-04T19:45:51.225851
3964b474-c75d-4d83-b5c2-5eeaabd08dfc,81f92903-ce03-407a-a4d3-1a09892c1532,2,0eefecd2-5b8c-4f61-ae34-838b16b53659,c2f4b9b4-48ee-4746-958f-6169ba532344,,178.1,228.5,43.4,completed,2026-09-04T19:45:51.225851,2026-09-04T23:34:19.345014
488f9c45-9d62-4300-adb6-92cd1a2b6441,f8bcbba9-c411-461f-888a-9b650305a8aa,0,083714ac-54b3-4d64-bc00-704dc355b5f8,,8fba1efa-7c25-4a5b-b271-bb1ac4460664,505.8,698.3,49.4,completed,2026-09-03T15:51:20.727932,2026-09-04T03:29:41.623503
2a23e13a-32be-4fdd-ae4c-ea51f4637445,f8bcbba9-c411-461f-888a-9b650305a8aa,1,463a85e7-e033-4bec-a267-bfa7aa85640d,8fba1efa-7c25-4a5b-b271-bb1ac4460664,,120.2,146.7,44.5,completed,2026-09-04T03:29:41.623503,2026-09-04T05:56:22.246665
69199c91-3454-4905-9f00-1e7c156e4e51,b63d9db5-4c7d-4487-b3b1-1a5005ad3436,0,f90f6baa-4c59-416d-9cdd-708265156686,,b091d926-3e9c-4a1f-a8da-f30db329106c,232.9,352.8,39.5,completed,2026-09-05T20:51:20.730361,2026-09-06T02:44:08.484227
ac39a766-75c2-466e-9aa5-486455a32c63,b63d9db5-4c7d-4487-b3b1-1a5005ad3436,1,66e7f631-029c-4810-92a9-8026854edd3f,b091d926-3e9c-4a1f-a8da-f30db329106c,9e7e9588-92a7-42c9-9eef-e79c1acf67b7,207.7,268.7,40.6,completed,2026-09-06T02:44:08.484227,2026-09-06T07:12:48.979219
bab06368-3b46-488d-b5cd-07751d34fba9,b63d9db5-4c7d-4487-b3b1-1a5005ad3436,2,66e7f631-029c-4810-92a9-8026854edd3f,9e7e9588-92a7-42c9-9eef-e79c1acf67b7,,540.5,811.4,42.6,completed,2026-09-06T07:12:48.979219,2026-09-06T20:44:15.053978
d67cf141-d1e5-4194-937a-67c411b3d4e0,10f0f415-870f-4a74-97b4-8de611e8a837,0,f9bb1bc7-b852-4cb0-9053-42f9f3eea8bc,,9e7e9588-92a7-42c9-9eef-e79c1acf67b7,207.7,359.1,35.1,completed,2026-09-05T09:51:20.733646,2026-09-05T15:50:24.750247
66f7240e-32ea-437b-ba29-1841ffbfaac2,10f0f415-870f-4a74-97b4-8de611e8a837,1,463a85e7-e033-4bec-a267-bfa7aa85640d,9e7e9588-92a7-42c9-9eef-e79c1acf67b7,5dbdf32d-78de-4094-b415-861af0ca99a2,540.5,1078.3,35.6,completed,2026-09-05T15:50:24.750247,2026-09-06T09:48:45.273661
f438b79c-f038-40ab-ad5b-7148daecc1bf,10f0f415-870f-4a74-97b4-8de611e8a837,2,894888f1-c248-403f-aca9-cddaac265db4,5dbdf32d-78de-4094-b415-861af0ca99a2,69cc852b-0428-432f-9fd5-25c49064f57d,235.3,414.2,33.9,completed,2026-09-06T09:48:45.273661,2026-09-06T16:42:59.873103
8f9de936-fd1d-4bc5-baed-5b08b0ec4484,10f0f415-870f-4a74-97b4-8de611e8a837,3,18302a3a-1801-411a-8579-869b4ba4edff,69cc852b-0428-432f-9fd5-25c49064f57d,a30de39d-9e98-4258-b754-758c8da83902,285.8,402.9,46.0,completed,2026-09-06T16:42:59.873103,2026-09-06T23:25:53.601436
5b9030d3-f1f5-4c6e-a167-f75436e3e4e8,10f0f415-870f-4a74-97b4-8de611e8a837,4,0aa62c09-bc7a-4951-9708-4a86275ad8c6,a30de39d-9e98-4258-b754-758c8da83902,,90.0,146.5,36.3,completed,2026-09-06T23:25:53.601436,2026-09-07T01:52:23.746662
239ea161-9f1d-414a-8936-bbc471ca97cf,48f0ef8b-4635-4d6a-8db4-b6beb16657d0,0,fc6966be-098b-43a6-a653-1fa3b599e23e,,5dbdf32d-78de-4094-b415-861af0ca99a2,235.3,307.5,47.0,completed,2026-09-04T04:51:20.738568,2026-09-04T09:58:52.366648
39f588bd-5fb7-49d9-ad08-1a7994e46808,48f0ef8b-4635-4d6a-8db4-b6beb16657d0,1,894888f1-c248-403f-aca9-cddaac265db4,5dbdf32d-78de-4094-b415-861af0ca99a2,9e7e9588-92a7-42c9-9eef-e79c1acf67b7,540.5,741.9,46.9,completed,2026-09-04T09:58:52.366648,2026-09-04T22:20:44.120945
d676aad4-21b4-4c51-bc5b-9884d3037d34,48f0ef8b-4635-4d6a-8db4-b6beb16657d0,2,0f6665ac-5ddd-43a7-a9a3-d15d46cfbc97,9e7e9588-92a7-42c9-9eef-e79c1acf67b7,,207.7,355.1,31.4,completed,2026-09-04T22:20:44.120945,2026-09-05T04:15:49.411218
67c18e04-c0ac-4fab-b76a-9c8aa186f55d,3b5fd010-41a4-4f37-b5e8-420893b429f1,0,18302a3a-1801-411a-8579-869b4ba4edff,,,422.9,584.8,44.3,completed,2026-09-07T14:51:20.742046,2026-09-08T00:36:10.889557
fd7adc79-668c-404e-8d6a-8716852cc686,cb6ee2dc-957a-40cd-ada6-4fccc70af3c7,0,aecd6e72-018b-448f-a8dd-3e84d11fdeea,,,688.0,821.5,49.5,completed,2026-09-05T13:51:20.743933,2026-09-06T03:32:48.531290
fbaae53a-cb34-4c83-8d2a-5b8e425d31c1,95f48df6-b23c-4847-a6b7-7f88977bbe28,0,00d3503e-ffe5-4e26-84be-9007a8a81e4c,,,688.0,847.6,39.4,completed,2026-09-06T15:51:20.746231,2026-09-07T05:58:59.125229
cc8b5a44-5997-4508-8350-d268505606e2,d3a6f840-d473-463f-a585-56105c942a4a,0,3fc6f138-6045-4882-8a16-2692f69d4228,,,293.4,397.2,45.1,completed,2026-09-04T21:51:20.748413,2026-09-05T04:28:30.014529
fc3f8278-46ae-479e-9298-06e334c4a8db,0a8d53a5-5c0a-4a6e-9df9-721bb3aa5ea0,0,d265c88a-1052-4bc1-b426-bc9a3e77f666,,,505.8,583.8,51.7,completed,2026-09-07T03:51:20.750119,2026-09-07T13:35:10.895766
829592ce-4db0-430a-911d-a22157b81dd2,08b85715-18a7-4c79-8790-6d391ab6d7d7,0,ade5ec49-869b-47d3-b852-1a9ceedbe841,,a30de39d-9e98-4258-b754-758c8da83902,285.8,324.1,41.7,completed,2026-09-08T11:51:20.752011,2026-09-08T17:15:26.337012
3e95c7e6-c577-4956-9594-3db9308f81b1,08b85715-18a7-4c79-8790-6d391ab6d7d7,1,d265c88a-1052-4bc1-b426-bc9a3e77f666,a30de39d-9e98-4258-b754-758c8da83902,,90.0,140.9,39.9,completed,2026-09-08T17:15:26.337012,2026-09-08T19:36:22.749862
34b5a507-9e04-4e64-b9da-6a740c4f5ba7,d23af861-3603-4617-bf8d-fec14096a032,0,0eefecd2-5b8c-4f61-ae34-838b16b53659,,288de4cd-bf1a-4a25-847c-68865d138b36,500.0,503.3,49.5,completed,2026-09-06T19:51:20.754220,2026-09-07T04:14:37.941934
fa3a0f61-5197-4c3c-a080-b9174184ff29,d23af861-3603-4617-bf8d-fec14096a032,1,8462dc55-59d5-47f4-8209-5f47c6bf99ca,288de4cd-bf1a-4a25-847c-68865d138b36,faa81e93-f79d-4d3d-9240-87cdf9df3633,422.9,550.5,46.5,completed,2026-09-07T04:14:37.941934,2026-09-07T13:25:05.877911
82f16ba7-8d25-4a79-b9d6-767ff510b09f,d23af861-3603-4617-bf8d-fec14096a032,2,aecd6e72-018b-448f-a8dd-3e84d11fdeea,faa81e93-f79d-4d3d-9240-87cdf9df3633,2ddf4880-95a6-4875-857d-f1d095b7fc48,376.4,453.0,50.9,completed,2026-09-07T13:25:05.877911,2026-09-07T20:58:03.572753
30ec6e29-f998-4ea9-a496-3cf765828e24,d23af861-3603-4617-bf8d-fec14096a032,3,a2de8edd-b399-484f-8151-3a5ef1d893b0,2ddf4880-95a6-4875-857d-f1d095b7fc48,c2f4b9b4-48ee-4746-958f-6169ba532344,540.9,799.6,39.4,completed,2026-09-07T20:58:03.572753,2026-09-08T10:17:36.807827
36fc8cf4-fd0c-4cba-a0f0-5c1f04c5319e,d23af861-3603-4617-bf8d-fec14096a032,4,5a546a9f-4ddf-4c19-9b83-d659726fc137,c2f4b9b4-48ee-4746-958f-6169ba532344,,178.1,245.9,41.4,completed,2026-09-08T10:17:36.807827,2026-09-08T14:23:31.525366
137937db-3648-432f-b207-1dc38ff7883c,5e8b635b-15d0-4520-bb03-6626668ab34e,0,2d28751d-70ba-4487-82d5-095cea62b22f,,,505.8,881.5,34.6,completed,2026-09-06T01:51:20.761788,2026-09-06T16:32:51.030810
8dab31b0-1dc6-4f4b-99d0-b6afd12f788a,cbf66342-19c2-4daa-a99c-7776756790a5,0,6d65ee0b-0d87-4816-9b43-1e74af2b76bd,,288de4cd-bf1a-4a25-847c-68865d138b36,500.0,737.5,39.4,completed,2026-09-04T03:51:20.764240,2026-09-04T16:08:53.635847
df745c4b-1fad-4fe1-ae09-023746774ffc,cbf66342-19c2-4daa-a99c-7776756790a5,1,01d788c4-9b57-4add-abf0-739f958b4aa3,288de4cd-bf1a-4a25-847c-68865d138b36,faa81e93-f79d-4d3d-9240-87cdf9df3633,422.9,424.9,41.2,completed,2026-09-04T16:08:53.635847,2026-09-04T23:13:48.951990
6a1ff82c-7176-4d0f-8168-12e97fff7c5d,cbf66342-19c2-4daa-a99c-7776756790a5,2,8a6a00d5-73da-4ff5-9558-5f0841ca0cde,faa81e93-f79d-4d3d-9240-87cdf9df3633,,376.4,443.0,46.8,completed,2026-09-04T23:13:48.951990,2026-09-05T06:36:48.977916
e67a9137-e94e-49ad-8b20-2beab53cf738,d134c32c-594a-43f1-a807-fd3438e3ae42,0,00d3503e-ffe5-4e26-84be-9007a8a81e4c,,faa81e93-f79d-4d3d-9240-87cdf9df3633,688.0,874.2,43.6,completed,2026-09-08T22:51:20.768273,2026-09-09T13:25:34.891765
5f40ddc1-a6a8-41f3-9716-8e42aaebfe02,d134c32c-594a-43f1-a807-fd3438e3ae42,1,ade5ec49-869b-47d3-b852-1a9ceedbe841,faa81e93-f79d-4d3d-9240-87cdf9df3633,,970.1,1702.3,42.1,completed,2026-09-09T13:25:34.891765,2026-09-10T17:47:51.802048
c2c144e4-218d-440e-8cde-8a5b1283c986,dcdfa794-f51d-426e-9b91-6f3e390f893c,0,2d28751d-70ba-4487-82d5-095cea62b22f,,,688.0,1019.7,45.9,completed,2026-09-08T18:51:20.775189,2026-09-09T11:51:05.663772
1935d0ce-b420-4073-90d7-ab5faaf7f603,8c94bc27-e9d6-42aa-95df-16b615e2f722,0,9db88e80-6a44-4430-b307-494694355bcb,,faa81e93-f79d-4d3d-9240-87cdf9df3633,422.9,564.2,40.4,completed,2026-09-04T15:51:20.778344,2026-09-05T01:15:34.240064
be4bb3b6-e0d8-42c8-8b4c-7dd96c501ba8,8c94bc27-e9d6-42aa-95df-16b615e2f722,1,894888f1-c248-403f-aca9-cddaac265db4,faa81e93-f79d-4d3d-9240-87cdf9df3633,2ddf4880-95a6-4875-857d-f1d095b7fc48,376.4,747.3,30.9,completed,2026-09-05T01:15:34.240064,2026-09-05T13:42:50.881340
99681c8e-3826-4dbb-a77f-f77e695e4f4d,8c94bc27-e9d6-42aa-95df-16b615e2f722,2,7a135a62-fc87-4ff4-aa59-1019fc6df31e,2ddf4880-95a6-4875-857d-f1d095b7fc48,c2f4b9b4-48ee-4746-958f-6169ba532344,540.9,1652.3,22.4,completed,2026-09-05T13:42:50.881340,2026-09-06T17:15:06.939774
40879006-032c-4ee1-b887-ad08dcfae3bf,8c94bc27-e9d6-42aa-95df-16b615e2f722,3,7c1ae16d-496a-4d0f-b401-8ae3e76b86ab,c2f4b9b4-48ee-4746-958f-6169ba532344,,178.1,208.7,49.0,completed,2026-09-06T17:15:06.939774,2026-09-06T20:43:49.960654
da4f20fb-7409-4c71-882c-4d55c2a0524f,674420e8-caba-4dcf-a265-9cc8a6706087,0,0790fa20-df4f-43aa-b491-56eb44a3e0b6,,a30de39d-9e98-4258-b754-758c8da83902,90.0,142.7,38.0,completed,2026-09-04T08:51:20.786923,2026-09-04T11:14:03.326723
7ad12d41-c9fb-4c59-932d-c04e053f7f1c,674420e8-caba-4dcf-a265-9cc8a6706087,1,66e7f631-029c-4810-92a9-8026854edd3f,a30de39d-9e98-4258-b754-758c8da83902,69cc852b-0428-432f-9fd5-25c49064f57d,285.8,411.1,42.6,completed,2026-09-04T11:14:03.326723,2026-09-04T18:05:08.031099
597318fc-a3c9-4d5e-9116-b4a60f0dedc0,674420e8-caba-4dcf-a265-9cc8a6706087,2,0f7a5a1e-c1b1-4db5-b7bc-22c0b78c5171,69cc852b-0428-432f-9fd5-25c49064f57d,5dbdf32d-78de-4094-b415-861af0ca99a2,235.3,576.6,29.6,completed,2026-09-04T18:05:08.031099,2026-09-05T03:41:44.035990
3af67e53-c756-4490-b6a0-4cc01bdeade8,674420e8-caba-4dcf-a265-9cc8a6706087,3,d265c88a-1052-4bc1-b426-bc9a3e77f666,5dbdf32d-78de-4094-b415-861af0ca99a2,,540.5,588.7,50.1,completed,2026-09-05T03:41:44.035990,2026-09-05T13:30:27.156759
afee66f4-cd0e-4c87-8658-f848f037f1f2,9c6a4c64-13f7-4494-b94a-096a8f8239cd,0,6be0475c-e19c-4d4f-aced-f1b613d87548,,c2f4b9b4-48ee-4746-958f-6169ba532344,178.1,291.4,40.3,completed,2026-09-04T10:51:20.793776,2026-09-04T15:42:43.773771
b74f453a-52f9-450d-a744-d6f7e331e355,9c6a4c64-13f7-4494-b94a-096a8f8239cd,1,ca72bc65-aac8-4954-8b12-0a27325a1ce7,c2f4b9b4-48ee-4746-958f-6169ba532344,9708822b-62d4-4ac2-ae57-f36abd36b0cb,244.4,359.3,47.6,completed,2026-09-04T15:42:43.773771,2026-09-04T21:42:01.246213
3dd655d6-0dfb-4413-822c-61527acab3d2,9c6a4c64-13f7-4494-b94a-096a8f8239cd,2,aecd6e72-018b-448f-a8dd-3e84d11fdeea,9708822b-62d4-4ac2-ae57-f36abd36b0cb,,75.3,105.6,43.3,completed,2026-09-04T21:42:01.246213,2026-09-04T23:27:36.753012
69651502-bbc1-4132-99ea-48990eded422,ac075885-ffc1-415e-8262-9ac3ab8920d3,0,894888f1-c248-403f-aca9-cddaac265db4,,faa81e93-f79d-4d3d-9240-87cdf9df3633,422.9,780.0,39.3,completed,2026-09-03T13:51:20.797618,2026-09-04T02:51:20.062360
600f78f6-e0d5-4648-bd51-048692de116c,ac075885-ffc1-415e-8262-9ac3ab8920d3,1,eef8d72c-0ab6-40fa-a165-615edc5821f1,faa81e93-f79d-4d3d-9240-87cdf9df3633,,376.4,561.7,40.3,completed,2026-09-04T02:51:20.062360,2026-09-04T12:13:01.717963
40bddeaf-f8ec-4e26-bb89-4af9f307c196,73888c6a-292f-430e-9d8e-c1f5c0933b78,0,01d788c4-9b57-4add-abf0-739f958b4aa3,,,500.0,541.7,49.5,completed,2026-09-04T12:51:20.800882,2026-09-04T21:53:02.712202
757b3b76-6a10-46d5-b99c-92d3e6d1b8c1,0d6f4adf-3e21-4428-a96e-c33dbdb47ddb,0,0aa62c09-bc7a-4951-9708-4a86275ad8c6,,faa81e93-f79d-4d3d-9240-87cdf9df3633,688.0,1194.7,40.4,completed,2026-09-06T20:51:20.802896,2026-09-07T16:46:01.940671
eb6b3abd-fead-4400-ac39-d74e4bdc9783,0d6f4adf-3e21-4428-a96e-c33dbdb47ddb,1,eef8d72c-0ab6-40fa-a165-615edc5821f1,faa81e93-f79d-4d3d-9240-87cdf9df3633,,970.1,1361.1,39.2,completed,2026-09-07T16:46:01.940671,2026-09-08T15:27:07.634158
36c79677-578d-43a1-9c0c-60d4e1a7d243,5d4eb47a-17e6-4c98-86e9-7a688d962155,0,a3a4745c-eb66-433a-b40b-557c0883d783,,,505.8,492.7,51.2,completed,2026-09-08T06:51:20.807389,2026-09-08T15:04:04.155858
8c7cce11-953b-4bb2-9614-c81e1bd87759,10edb9e5-ad11-44a1-96d9-a1a71c87a881,0,0aa62c09-bc7a-4951-9708-4a86275ad8c6,,,244.4,447.2,30.2,completed,2026-09-04T23:51:20.809132,2026-09-05T07:18:32.902635
5d89fbc7-93fb-4c38-a654-4a7d54608d6a,71eea904-acf6-4e32-8e98-4a6a29144b75,0,5a546a9f-4ddf-4c19-9b83-d659726fc137,,c2f4b9b4-48ee-4746-958f-6169ba532344,178.1,225.5,46.1,completed,2026-09-06T14:51:20.810799,2026-09-06T18:36:49.417387
1e4fd536-5248-4267-854c-ea2e1d5f8739,71eea904-acf6-4e32-8e98-4a6a29144b75,1,0790fa20-df4f-43aa-b491-56eb44a3e0b6,c2f4b9b4-48ee-4746-958f-6169ba532344,,244.4,390.4,48.3,completed,2026-09-06T18:36:49.417387,2026-09-07T01:07:15.989788
b4ec393a-2998-4d11-8876-123acbc6a7e6,59526136-dd01-407f-88c0-10af9f28d959,0,6be0475c-e19c-4d4f-aced-f1b613d87548,,faa81e93-f79d-4d3d-9240-87cdf9df3633,688.0,976.6,44.3,completed,2026-09-07T17:51:20.813614,2026-09-08T10:07:56.268376
c3c183d5-0036-4bed-a791-3fbacf4df5b1,59526136-dd01-407f-88c0-10af9f28d959,1,8462dc55-59d5-47f4-8209-5f47c6bf99ca,faa81e93-f79d-4d3d-9240-87cdf9df3633,,970.1,1123.3,45.5,completed,2026-09-08T10:07:56.268376,2026-09-09T04:51:15.827004
12a769d4-144f-4e8e-a129-d7d3e1086b6e,e54ee320-8699-4dce-b6e5-d2ea075ebb94,0,0f6665ac-5ddd-43a7-a9a3-d15d46cfbc97,,2ddf4880-95a6-4875-857d-f1d095b7fc48,376.4,579.7,42.4,completed,2026-09-04T08:51:20.817696,2026-09-04T18:31:04.001050
4a56aa7d-048d-4360-b4b9-c550ee5b7b99,e54ee320-8699-4dce-b6e5-d2ea075ebb94,1,26501679-586c-4236-a890-97e1687dc818,2ddf4880-95a6-4875-857d-f1d095b7fc48,,540.9,1030.7,39.4,completed,2026-09-04T18:31:04.001050,2026-09-05T11:41:48.596954
60cba128-da2c-4a06-8f0b-1522e77ac635,5844818b-1964-4775-8da1-a2492b1cb5ab,0,ade5ec49-869b-47d3-b852-1a9ceedbe841,,faa81e93-f79d-4d3d-9240-87cdf9df3633,422.9,785.7,33.8,completed,2026-09-04T08:51:20.821163,2026-09-04T21:57:03.680822
5c46cb45-eb9e-4ff2-8a1e-32de7f0a9202,5844818b-1964-4775-8da1-a2492b1cb5ab,1,a3a4745c-eb66-433a-b40b-557c0883d783,faa81e93-f79d-4d3d-9240-87cdf9df3633,,376.4,544.2,40.2,completed,2026-09-04T21:57:03.680822,2026-09-05T07:01:16.774515
bdf181d7-6ef2-431b-b431-fa2fa8d586fa,274af928-193a-4a29-9690-dcff6b21e63d,0,fc6966be-098b-43a6-a653-1fa3b599e23e,,,293.4,405.4,35.9,completed,2026-09-07T09:51:20.825068,2026-09-07T16:36:45.477774
6c9e833b-8a71-4d76-9443-09b417467781,75919410-1534-4238-9620-b373304a3fcc,0,4642a367-13ec-46f2-8b42-2a9b0cdc2ab5,,,178.1,281.6,43.3,completed,2026-09-03T06:51:20.827247,2026-09-03T11:32:55.155935
fac93234-bf04-4a96-819a-731e4c392fb1,33c23c2a-8e5d-4278-84e4-53af31c6e7a9,0,6478d1df-2c1f-4f3c-aa1e-03fde769c1f7,,9e7e9588-92a7-42c9-9eef-e79c1acf67b7,207.7,218.7,48.5,completed,2026-09-07T16:51:20.829046,2026-09-07T20:30:04.443903
30503de4-632f-466a-a676-ab7bacd07d2b,33c23c2a-8e5d-4278-84e4-53af31c6e7a9,1,7d45adbe-75c3-4cdd-bd1c-4b311c5baaab,9e7e9588-92a7-42c9-9eef-e79c1acf67b7,5dbdf32d-78de-4094-b415-861af0ca99a2,540.5,873.7,39.4,completed,2026-09-07T20:30:04.443903,2026-09-08T11:03:46.110402
756c08f3-b4e1-4615-afec-f9f37771a977,33c23c2a-8e5d-4278-84e4-53af31c6e7a9,2,b05b01d0-a319-4a48-8fe3-e2a08529ea69,5dbdf32d-78de-4094-b415-861af0ca99a2,69cc852b-0428-432f-9fd5-25c49064f57d,235.3,364.2,39.6,completed,2026-09-08T11:03:46.110402,2026-09-08T17:07:59.394740
09058ed2-e23b-4b1d-b607-14f39879a3fc,33c23c2a-8e5d-4278-84e4-53af31c6e7a9,3,f9bb1bc7-b852-4cb0-9053-42f9f3eea8bc,69cc852b-0428-432f-9fd5-25c49064f57d,a30de39d-9e98-4258-b754-758c8da83902,285.8,363.7,43.0,completed,2026-09-08T17:07:59.394740,2026-09-08T23:11:42.283017
a341eebd-dab9-4c4e-8c89-4203b7628812,33c23c2a-8e5d-4278-84e4-53af31c6e7a9,4,3fc6f138-6045-4882-8a16-2692f69d4228,a30de39d-9e98-4258-b754-758c8da83902,,90.0,153.7,40.0,completed,2026-09-08T23:11:42.283017,2026-09-09T01:45:22.425112
ee5f2d42-b551-427f-804a-40127e7b87b7,b5770f46-d8cc-492d-9d54-066789f6e6e1,0,fc6966be-098b-43a6-a653-1fa3b599e23e,,,688.0,1025.9,36.6,completed,2026-09-03T13:51:20.835546,2026-09-04T06:57:17.136584
6ccb9907-e89b-41d1-a712-e6f618473640,d51860c8-bb87-4660-8fba-1a925529dce4,0,8a6a00d5-73da-4ff5-9558-5f0841ca0cde,,,75.3,195.7,28.6,completed,2026-09-05T23:51:20.839786,2026-09-06T03:07:01.127246
d21f1d54-ad36-41ad-9e8c-29c1fb3c5791,ea0cfd76-5a8f-44e1-bb60-e2d5f8318931,0,083442ef-2844-4bf4-90c7-0a4c51e16ed0,,faa81e93-f79d-4d3d-9240-87cdf9df3633,376.4,598.9,32.9,completed,2026-09-05T21:51:20.841554,2026-09-06T07:50:12.456511
86a2fad5-efca-4686-9aff-08e5c06a81e8,ea0cfd76-5a8f-44e1-bb60-e2d5f8318931,1,8b1e91b6-790d-4773-851a-de018a249cec,faa81e93-f79d-4d3d-9240-87cdf9df3633,288de4cd-bf1a-4a25-847c-68865d138b36,422.9,537.1,48.6,completed,2026-09-06T07:50:12.456511,2026-09-06T16:47:19.887323
38a26b79-613b-44ba-a192-d183220a5c40,ea0cfd76-5a8f-44e1-bb60-e2d5f8318931,2,2d28751d-70ba-4487-82d5-095cea62b22f,288de4cd-bf1a-4a25-847c-68865d138b36,,500.0,690.4,44.9,completed,2026-09-06T16:47:19.887323,2026-09-07T04:17:42.217107
0cf53a76-96b5-4319-9b7f-1c626023ee0b,13006d07-1049-400c-9658-ecdeab22e0e4,0,6d65ee0b-0d87-4816-9b43-1e74af2b76bd,,faa81e93-f79d-4d3d-9240-87cdf9df3633,688.0,909.6,43.8,completed,2026-09-06T20:51:20.846894,2026-09-07T12:00:57.476429
973e534e-3d1b-44a1-9c88-73ebba6a85f3,13006d07-1049-400c-9658-ecdeab22e0e4,1,7d45adbe-75c3-4cdd-bd1c-4b311c5baaab,faa81e93-f79d-4d3d-9240-87cdf9df3633,,970.1,1606.0,40.9,completed,2026-09-07T12:00:57.476429,2026-09-08T14:46:55.870184
b90c9044-e865-4c4a-aa9d-f7e4b2efe65b,3bcd654c-16f8-4c4b-87c9-bc59d6b7161b,0,18302a3a-1801-411a-8579-869b4ba4edff,,,178.1,217.7,48.6,completed,2026-09-07T04:51:20.852922,2026-09-07T08:29:01.439083
c9bc7f28-7849-48c7-8e3c-e20ea033cf30,b1e02ec2-e73a-4c5f-9313-d6dbda05468d,0,0790fa20-df4f-43aa-b491-56eb44a3e0b6,,9e7e9588-92a7-42c9-9eef-e79c1acf67b7,207.7,371.2,36.7,completed,2026-09-08T03:51:20.854926,2026-09-08T10:02:32.283897
df587ddb-571e-454a-900d-2c558dc5f131,b1e02ec2-e73a-4c5f-9313-d6dbda05468d,1,f90f6baa-4c59-416d-9cdd-708265156686,9e7e9588-92a7-42c9-9eef-e79c1acf67b7,5dbdf32d-78de-4094-b415-861af0ca99a2,540.5,831.4,49.6,completed,2026-09-08T10:02:32.283897,2026-09-08T23:53:53.913323
b8298a63-69a8-46f3-b17d-288531ad8ec2,b1e02ec2-e73a-4c5f-9313-d6dbda05468d,2,4642a367-13ec-46f2-8b42-2a9b0cdc2ab5,5dbdf32d-78de-4094-b415-861af0ca99a2,69cc852b-0428-432f-9fd5-25c49064f57d,235.3,264.9,45.8,completed,2026-09-08T23:53:53.913323,2026-09-09T04:18:45.974664
08c5c0a3-b71d-43b6-a772-542052420dbb,b1e02ec2-e73a-4c5f-9313-d6dbda05468d,3,9db88e80-6a44-4430-b307-494694355bcb,69cc852b-0428-432f-9fd5-25c49064f57d,a30de39d-9e98-4258-b754-758c8da83902,285.8,525.3,32.8,completed,2026-09-09T04:18:45.974664,2026-09-09T13:04:01.915406
e2962b02-763d-45ce-88a6-319dffb02a57,b1e02ec2-e73a-4c5f-9313-d6dbda05468d,4,26501679-586c-4236-a890-97e1687dc818,a30de39d-9e98-4258-b754-758c8da83902,,90.0,193.4,31.3,completed,2026-09-09T13:04:01.915406,2026-09-09T16:17:27.215059
004cb6f6-5c83-4368-85f1-bdd6378f5958,9a829149-d5c7-45bf-a930-e4a81d5c99a6,0,ade5ec49-869b-47d3-b852-1a9ceedbe841,,,293.4,409.6,36.9,completed,2026-09-03T10:51:20.861671,2026-09-03T17:40:57.071568
40a63f0f-52ed-4f02-886e-9bfc5e7de0e2,a816b5f2-3dda-4348-8a25-ccfe47ac7f9a,0,a3a4745c-eb66-433a-b40b-557c0883d783,,c2f4b9b4-48ee-4746-958f-6169ba532344,178.1,200.1,44.3,completed,2026-09-08T09:51:20.863627,2026-09-08T13:11:25.804833
a7f19a54-32af-44cb-b4fb-0002acb2953c,a816b5f2-3dda-4348-8a25-ccfe47ac7f9a,1,6478d1df-2c1f-4f3c-aa1e-03fde769c1f7,c2f4b9b4-48ee-4746-958f-6169ba532344,,540.9,646.9,43.8,completed,2026-09-08T13:11:25.804833,2026-09-08T23:58:19.543272
0762ddc9-7b28-4165-b82c-312a0d9117c6,9ae4bb85-d4d2-4ce1-83f1-ec7afbc25aee,0,837cfbee-afbc-4408-b0d4-a3037b7f109f,,,120.2,126.9,54.2,completed,2026-09-05T11:51:20.866734,2026-09-05T13:58:14.064668
97ed2736-56aa-40cd-9d83-1b770b8cea60,32c929c4-a1b1-456a-ba09-e2f70b65052d,0,1f148489-0bcb-4470-8354-42eed5c4f971,,,120.2,207.7,42.5,completed,2026-09-03T07:51:20.868267,2026-09-03T11:19:00.501609
a6154389-b57a-45e9-9b61-c2e1b17ff29c,82638594-d67c-4d42-8b30-2bdf4eb7a3c6,0,0f7a5a1e-c1b1-4db5-b7bc-22c0b78c5171,,,688.0,880.9,49.1,completed,2026-09-05T08:51:20.870093,2026-09-05T23:32:12.200195
31bd2cd6-4c69-4241-985f-7c8960c2a4cc,44629133-2092-4af1-86e8-df684e57111c,0,a3a4745c-eb66-433a-b40b-557c0883d783,,faa81e93-f79d-4d3d-9240-87cdf9df3633,688.0,988.1,39.8,completed,2026-09-03T04:51:20.872811,2026-09-03T21:19:26.195653
ecdcca9c-f638-4a54-b562-91375a95235b,44629133-2092-4af1-86e8-df684e57111c,1,26501679-586c-4236-a890-97e1687dc818,faa81e93-f79d-4d3d-9240-87cdf9df3633,,970.1,1500.2,42.1,completed,2026-09-03T21:19:26.195653,2026-09-04T22:19:36.858321
a85c30a7-8a20-49c3-b565-7a311d709b41,84342ace-9650-4096-8543-371c1e49ba5b,0,0b6812d6-5270-4d50-bba5-1cd2f77ebe2e,,,422.9,561.3,44.5,completed,2026-09-06T07:51:20.878519,2026-09-06T17:12:41.877842
cf020856-b847-438d-9c52-26fb5ae38205,19264eab-4e8d-452b-ab86-11b39cb6040d,0,f9bb1bc7-b852-4cb0-9053-42f9f3eea8bc,,288de4cd-bf1a-4a25-847c-68865d138b36,500.0,672.8,37.5,completed,2026-09-07T02:51:20.880770,2026-09-07T14:04:06.820231
1890d4cf-1329-402b-b72f-57d2fbe9a70b,19264eab-4e8d-452b-ab86-11b39cb6040d,1,7c1ae16d-496a-4d0f-b401-8ae3e76b86ab,288de4cd-bf1a-4a25-847c-68865d138b36,faa81e93-f79d-4d3d-9240-87cdf9df3633,422.9,724.2,38.8,completed,2026-09-07T14:04:06.820231,2026-09-08T02:08:19.330096
c2b01dc9-123d-4e56-9397-eab46d22eb68,19264eab-4e8d-452b-ab86-11b39cb6040d,2,310f7ff6-c724-4278-b409-74d1ab8bf019,faa81e93-f79d-4d3d-9240-87cdf9df3633,2ddf4880-95a6-4875-857d-f1d095b7fc48,376.4,407.8,44.5,completed,2026-09-08T02:08:19.330096,2026-09-08T08:56:05.580308
cdb4ea85-a019-4e81-b4ed-7e4b3d8076ef,19264eab-4e8d-452b-ab86-11b39cb6040d,3,26501679-586c-4236-a890-97e1687dc818,2ddf4880-95a6-4875-857d-f1d095b7fc48,c2f4b9b4-48ee-4746-958f-6169ba532344,540.9,726.2,36.0,completed,2026-09-08T08:56:05.580308,2026-09-08T21:02:16.271943
a0dedc2e-b25c-4688-99a9-c2fa6f6daa1a,19264eab-4e8d-452b-ab86-11b39cb6040d,4,0eefecd2-5b8c-4f61-ae34-838b16b53659,c2f4b9b4-48ee-4746-958f-6169ba532344,,178.1,288.2,31.5,completed,2026-09-08T21:02:16.271943,2026-09-09T01:50:28.598465
9de55abe-d1b0-46a7-8de9-17d2f5a9cc6a,cd080358-81fd-4521-a27e-c4e88f2c3c5a,0,aecd6e72-018b-448f-a8dd-3e84d11fdeea,,faa81e93-f79d-4d3d-9240-87cdf9df3633,688.0,870.5,37.3,completed,2026-09-05T17:51:20.888459,2026-09-06T08:21:51.504964
63fbb50e-1bad-47e1-b009-761e9701ee5d,cd080358-81fd-4521-a27e-c4e88f2c3c5a,1,ade5ec49-869b-47d3-b852-1a9ceedbe841,faa81e93-f79d-4d3d-9240-87cdf9df3633,,970.1,878.7,51.1,completed,2026-09-06T08:21:51.504964,2026-09-06T23:00:34.659916
e76cbf6c-5eb1-40c2-8312-ebde14499a8c,6b645959-79bb-4a54-8bc6-fc33b2c1d329,0,0f7a5a1e-c1b1-4db5-b7bc-22c0b78c5171,,,120.2,165.8,41.9,completed,2026-09-07T15:51:20.893460,2026-09-07T18:37:07.082917
e9293ff7-05fc-4f3d-ad4c-8d00bfb2dbe1,2d764ab1-5ef9-4299-9674-6b4b183675e1,0,a3a4745c-eb66-433a-b40b-557c0883d783,,,970.1,1161.8,43.3,completed,2026-09-06T20:51:20.895154,2026-09-07T16:13:08.910902
7f94d3e7-65f1-4aac-8b60-0b55c32f85cd,466bca09-9c54-487b-b663-7722db942e65,0,3fc6f138-6045-4882-8a16-2692f69d4228,,,120.2,149.2,42.1,completed,2026-09-06T07:51:20.898404,2026-09-06T10:20:34.638334
d0ad070b-1e37-4455-8464-e321cde7c4bb,ea77a459-eee2-4962-bbc7-d811e535f4e4,0,6be0475c-e19c-4d4f-aced-f1b613d87548,,,540.9,729.1,47.7,completed,2026-09-04T08:51:20.900176,2026-09-04T21:00:26.899002
1f5d4f3f-85b2-4fe7-a9e8-6d2bf46189a8,12bbacba-41b8-4980-8799-da3eda3a3dda,0,4642a367-13ec-46f2-8b42-2a9b0cdc2ab5,,faa81e93-f79d-4d3d-9240-87cdf9df3633,422.9,473.3,57.6,completed,2026-09-05T06:51:20.902634,2026-09-05T14:44:37.727953
0da843ac-de28-4bba-9708-47d8a0dad7ce,12bbacba-41b8-4980-8799-da3eda3a3dda,1,18302a3a-1801-411a-8579-869b4ba4edff,faa81e93-f79d-4d3d-9240-87cdf9df3633,,376.4,437.6,41.3,completed,2026-09-05T14:44:37.727953,2026-09-05T22:02:13.668213
7b33bcf6-3a6e-4cf2-9e4d-023db9481480,08f226b7-5546-4fcc-a1a9-1c78335a6ceb,0,3cb3181a-1d19-4827-b8eb-3faba1e231e3,,c2f4b9b4-48ee-4746-958f-6169ba532344,540.9,753.1,46.1,completed,2026-09-05T01:51:20.906291,2026-09-05T14:24:29.075365
537d4b8c-3f72-4083-8c2b-6f7ba4e6709f,08f226b7-5546-4fcc-a1a9-1c78335a6ceb,1,66e7f631-029c-4810-92a9-8026854edd3f,c2f4b9b4-48ee-4746-958f-6169ba532344,,178.1,275.8,48.2,completed,2026-09-05T14:24:29.075365,2026-09-05T19:00:19.214183
93031d4c-4b77-4692-b42d-f5b43fa72138,a2b8f05a-4482-44e3-9aad-6005ce29f686,0,d265c88a-1052-4bc1-b426-bc9a3e77f666,,,244.4,345.4,48.8,completed,2026-09-03T00:51:20.910037,2026-09-03T06:36:43.396015
6a115228-ed2c-463a-9173-9a109df0583c,fff854ad-93a2-4909-871d-d071daa5a577,0,2d28751d-70ba-4487-82d5-095cea62b22f,,288de4cd-bf1a-4a25-847c-68865d138b36,500.0,773.5,43.4,completed,2026-09-05T13:51:20.911944,2026-09-06T02:44:48.579860
4630cebc-68f2-4d64-8599-14b8ce44c42a,fff854ad-93a2-4909-871d-d071daa5a577,1,6478d1df-2c1f-4f3c-aa1e-03fde769c1f7,288de4cd-bf1a-4a25-847c-68865d138b36,faa81e93-f79d-4d3d-9240-87cdf9df3633,422.9,898.7,29.2,completed,2026-09-06T02:44:48.579860,2026-09-06T17:43:33.216839
35e3d8b4-5c38-487c-8be3-647124092458,fff854ad-93a2-4909-871d-d071daa5a577,2,083714ac-54b3-4d64-bc00-704dc355b5f8,faa81e93-f79d-4d3d-9240-87cdf9df3633,2ddf4880-95a6-4875-857d-f1d095b7fc48,376.4,467.8,47.9,completed,2026-09-06T17:43:33.216839,2026-09-07T01:31:23.307722
d34adf9e-2ad5-41d1-a1b4-9967090eaf7d,fff854ad-93a2-4909-871d-d071daa5a577,3,7c1ae16d-496a-4d0f-b401-8ae3e76b86ab,2ddf4880-95a6-4875-857d-f1d095b7fc48,c2f4b9b4-48ee-4746-958f-6169ba532344,540.9,599.7,47.2,completed,2026-09-07T01:31:23.307722,2026-09-07T11:31:05.476017
eb1cd98f-ea06-4274-beae-dcc268917021,fff854ad-93a2-4909-871d-d071daa5a577,4,7d45adbe-75c3-4cdd-bd1c-4b311c5baaab,c2f4b9b4-48ee-4746-958f-6169ba532344,,178.1,234.7,41.9,completed,2026-09-07T11:31:05.476017,2026-09-07T15:25:48.254298
19a0594b-fa53-4872-aa60-12c88b4da0eb,5ef4fe5a-cd4c-4188-bf8b-eb3c070dd18e,0,be09b6f7-4efa-4ac9-b363-71f395b927fa,,faa81e93-f79d-4d3d-9240-87cdf9df3633,422.9,545.7,46.5,completed,2026-09-08T06:51:20.919705,2026-09-08T15:57:00.567134
a57437bb-4c56-4c37-8274-ec220bc175d9,5ef4fe5a-cd4c-4188-bf8b-eb3c070dd18e,1,463a85e7-e033-4bec-a267-bfa7aa85640d,faa81e93-f79d-4d3d-9240-87cdf9df3633,2ddf4880-95a6-4875-857d-f1d095b7fc48,376.4,554.3,48.6,completed,2026-09-08T15:57:00.567134,2026-09-09T01:11:20.695505
8d35c75d-84fd-47b2-91b3-be17c63ff824,5ef4fe5a-cd4c-4188-bf8b-eb3c070dd18e,2,894888f1-c248-403f-aca9-cddaac265db4,2ddf4880-95a6-4875-857d-f1d095b7fc48,c2f4b9b4-48ee-4746-958f-6169ba532344,540.9,873.6,36.0,completed,2026-09-09T01:11:20.695505,2026-09-09T15:44:54.438966
542435e3-7555-4b12-bf33-b9a94d160008,5ef4fe5a-cd4c-4188-bf8b-eb3c070dd18e,3,7d45adbe-75c3-4cdd-bd1c-4b311c5baaab,c2f4b9b4-48ee-4746-958f-6169ba532344,,178.1,203.8,44.3,completed,2026-09-09T15:44:54.438966,2026-09-09T19:08:42.897672
45764f61-3d91-4a03-8a9d-3049a9d1c1c8,c8248d5d-dd83-4296-b24e-f4c45c3e7769,0,69dc6351-3e90-4155-9ccd-371b5c0cdbf3,,,688.0,1073.3,38.4,completed,2026-09-07T17:51:20.926032,2026-09-08T11:44:41.165434
daec3c36-8d0d-4139-889f-f2ab64220bd7,8a888f2a-c372-4367-aa73-a2126669c110,0,5a546a9f-4ddf-4c19-9b83-d659726fc137,,c2f4b9b4-48ee-4746-958f-6169ba532344,540.9,734.7,45.4,completed,2026-09-04T04:51:20.929130,2026-09-04T17:06:03.958949
510cf149-ab72-44f4-9204-7010d5dfde92,8a888f2a-c372-4367-aa73-a2126669c110,1,4c8a509f-04a9-4a9e-95f2-50c885ca0979,c2f4b9b4-48ee-4746-958f-6169ba532344,,178.1,281.1,43.9,completed,2026-09-04T17:06:03.958949,2026-09-04T21:47:12.146062
97d638cc-af01-45ef-a429-67584a2b74ab,48e775d4-783a-46e6-8302-81d8c72096d8,0,aecd6e72-018b-448f-a8dd-3e84d11fdeea,,,540.9,638.2,41.1,completed,2026-09-07T16:51:20.932867,2026-09-08T03:29:30.050396
968a7dad-fea1-4c2a-885d-909ac7b37810,319629dc-f2fb-483d-bdb9-72cc4afb8029,0,69dc041e-ef44-4acf-ba8b-2d8da688425f,,,75.3,98.1,50.5,completed,2026-09-04T19:51:20.935247,2026-09-04T21:29:24.086506
ef311066-730f-4042-8cf2-afc121e82cf6,5bd5d3cb-b1bb-4f66-ad31-de9e1d8177f2,0,8a6a00d5-73da-4ff5-9558-5f0841ca0cde,,,120.2,196.5,38.5,completed,2026-09-06T03:51:20.936661,2026-09-06T07:07:52.180200
1b503a55-f84d-46c3-bd37-b73f7ba850d2,81e54a32-ac79-4736-8f1c-68a0021aa40e,0,6be0475c-e19c-4d4f-aced-f1b613d87548,,8fba1efa-7c25-4a5b-b271-bb1ac4460664,505.8,671.6,42.5,completed,2026-09-03T00:51:20.938522,2026-09-03T12:02:56.143219
d0f33455-548a-4351-b053-92e307e99009,81e54a32-ac79-4736-8f1c-68a0021aa40e,1,01d788c4-9b57-4add-abf0-739f958b4aa3,8fba1efa-7c25-4a5b-b271-bb1ac4460664,,120.2,121.6,48.7,completed,2026-09-03T12:02:56.143219,2026-09-03T14:04:31.306778
86d66126-af4a-4bef-8101-66d8414a27ad,b343eeaa-ed8c-4084-81cc-7dc8fa3a9c0b,0,463a85e7-e033-4bec-a267-bfa7aa85640d,,9e7e9588-92a7-42c9-9eef-e79c1acf67b7,540.5,727.5,50.5,completed,2026-09-03T14:51:20.942367,2026-09-04T02:58:50.999407
29a8ed5a-a4f3-4719-88bd-485debf38068,b343eeaa-ed8c-4084-81cc-7dc8fa3a9c0b,1,0b6812d6-5270-4d50-bba5-1cd2f77ebe2e,9e7e9588-92a7-42c9-9eef-e79c1acf67b7,,207.7,401.5,41.2,completed,2026-09-04T02:58:50.999407,2026-09-04T09:40:20.581556
ca95768a-af24-44d4-837f-83bdbae1bd03,e663a8b4-33e2-4293-bc09-aaef6f5e5658,0,0790fa20-df4f-43aa-b491-56eb44a3e0b6,,,376.4,541.4,43.0,completed,2026-09-08T04:51:20.946027,2026-09-08T13:52:47.725913
f6e4c49f-53c1-41d4-b4e2-b12fcd7e9bb0,c5f174ae-911b-468b-96a2-35dfa2ec4c6a,0,463a85e7-e033-4bec-a267-bfa7aa85640d,,5dbdf32d-78de-4094-b415-861af0ca99a2,540.5,660.5,38.5,completed,2026-09-05T19:51:20.948326,2026-09-06T06:51:50.351105
eaacd484-a18f-4aeb-a274-251c37e8faa7,c5f174ae-911b-468b-96a2-35dfa2ec4c6a,1,3fc247b8-f090-4cea-81a6-9112ffe9f796,5dbdf32d-78de-4094-b415-861af0ca99a2,69cc852b-0428-432f-9fd5-25c49064f57d,235.3,403.3,35.8,completed,2026-09-06T06:51:50.351105,2026-09-06T13:35:09.360410
50e5ee3e-eb1e-49d5-8198-b3621c79d467,c5f174ae-911b-468b-96a2-35dfa2ec4c6a,2,00d3503e-ffe5-4e26-84be-9007a8a81e4c,69cc852b-0428-432f-9fd5-25c49064f57d,,285.8,349.0,49.8,completed,2026-09-06T13:35:09.360410,2026-09-06T19:24:10.119060
929b78da-7a63-42e2-b89b-f029fab018c0,e326f019-0b3b-4583-983d-946c43a50870,0,fc6966be-098b-43a6-a653-1fa3b599e23e,,2ddf4880-95a6-4875-857d-f1d095b7fc48,540.9,1123.2,32.0,completed,2026-09-07T20:51:20.952918,2026-09-08T15:34:30.245881
8deade7e-96a8-4b44-80d6-b9b2528081e4,e326f019-0b3b-4583-983d-946c43a50870,1,2d28751d-70ba-4487-82d5-095cea62b22f,2ddf4880-95a6-4875-857d-f1d095b7fc48,faa81e93-f79d-4d3d-9240-87cdf9df3633,376.4,673.2,41.9,completed,2026-09-08T15:34:30.245881,2026-09-09T02:47:44.101493
3de38f81-704b-4cbe-8c85-313f509dc448,e326f019-0b3b-4583-983d-946c43a50870,2,be09b6f7-4efa-4ac9-b363-71f395b927fa,faa81e93-f79d-4d3d-9240-87cdf9df3633,,422.9,567.3,55.7,completed,2026-09-09T02:47:44.101493,2026-09-09T12:14:59.138958
d2cf134c-54ed-40ce-b4d6-87caeec905f8,8a12cff5-7a24-40b8-a533-0fd45080e27c,0,00d3503e-ffe5-4e26-84be-9007a8a81e4c,,faa81e93-f79d-4d3d-9240-87cdf9df3633,422.9,514.2,39.9,completed,2026-09-07T21:51:20.957838,2026-09-08T06:25:33.351336
da03c262-6e6c-4a49-8f58-72248bb63dba,8a12cff5-7a24-40b8-a533-0fd45080e27c,1,2d28751d-70ba-4487-82d5-095cea62b22f,faa81e93-f79d-4d3d-9240-87cdf9df3633,2ddf4880-95a6-4875-857d-f1d095b7fc48,376.4,618.4,43.3,completed,2026-09-08T06:25:33.351336,2026-09-08T16:43:54.399059
bb858fac-62c9-4426-a02a-057e2e4043e3,8a12cff5-7a24-40b8-a533-0fd45080e27c,2,69dc041e-ef44-4acf-ba8b-2d8da688425f,2ddf4880-95a6-4875-857d-f1d095b7fc48,,540.9,690.7,43.0,completed,2026-09-08T16:43:54.399059,2026-09-09T04:14:37.698960
4166985c-c7eb-4073-b6ad-524018491621,b817b477-2beb-4306-9bb1-ae641f154627,0,5a546a9f-4ddf-4c19-9b83-d659726fc137,,9708822b-62d4-4ac2-ae57-f36abd36b0cb,75.3,95.9,43.9,completed,2026-09-03T06:51:20.963461,2026-09-03T08:27:17.870940
f8207e87-b894-44eb-9f2d-38a05ecb081e,b817b477-2beb-4306-9bb1-ae641f154627,1,0eefecd2-5b8c-4f61-ae34-838b16b53659,9708822b-62d4-4ac2-ae57-f36abd36b0cb,c2f4b9b4-48ee-4746-958f-6169ba532344,244.4,317.8,41.4,completed,2026-09-03T08:27:17.870940,2026-09-03T13:45:06.347846
02ff04b4-1b5e-4db0-83a9-f996e4be7978,b817b477-2beb-4306-9bb1-ae641f154627,2,a2de8edd-b399-484f-8151-3a5ef1d893b0,c2f4b9b4-48ee-4746-958f-6169ba532344,,178.1,237.0,40.2,completed,2026-09-03T13:45:06.347846,2026-09-03T17:42:05.011368
acf64cf6-4b7c-4ec8-8f57-55aa27696198,a79c3787-b43f-4336-800e-82807199a84e,0,a7a60420-d4d7-48b2-9da8-19504b752bd6,,faa81e93-f79d-4d3d-9240-87cdf9df3633,422.9,758.4,33.8,completed,2026-09-04T07:51:20.966996,2026-09-04T20:29:46.689070
57ed6edd-0d98-4f51-aaab-6faee4093ffa,a79c3787-b43f-4336-800e-82807199a84e,1,00d3503e-ffe5-4e26-84be-9007a8a81e4c,faa81e93-f79d-4d3d-9240-87cdf9df3633,2ddf4880-95a6-4875-857d-f1d095b7fc48,376.4,436.6,51.1,completed,2026-09-04T20:29:46.689070,2026-09-05T03:46:23.642691
b61fb227-681f-4821-9613-6f44764f6d6e,a79c3787-b43f-4336-800e-82807199a84e,2,6478d1df-2c1f-4f3c-aa1e-03fde769c1f7,2ddf4880-95a6-4875-857d-f1d095b7fc48,c2f4b9b4-48ee-4746-958f-6169ba532344,540.9,627.7,45.4,completed,2026-09-05T03:46:23.642691,2026-09-05T14:14:03.637492
b3577eda-7dcd-45c2-9a31-4e3d0bb553fb,a79c3787-b43f-4336-800e-82807199a84e,3,5a546a9f-4ddf-4c19-9b83-d659726fc137,c2f4b9b4-48ee-4746-958f-6169ba532344,,178.1,262.8,36.3,completed,2026-09-05T14:14:03.637492,2026-09-05T18:36:54.052531
865ef2c5-3892-493b-baf2-f7af8eae1d0a,52d7a2f6-a1e8-430e-bc51-dc90dce30517,0,6d65ee0b-0d87-4816-9b43-1e74af2b76bd,,,75.3,170.5,28.9,completed,2026-09-05T00:51:20.973359,2026-09-05T03:41:52.041725
5c993846-795c-4d95-b982-5906025e5ae7,feb14f75-8951-4ad0-8d51-de2afe6f2595,0,7d45adbe-75c3-4cdd-bd1c-4b311c5baaab,,faa81e93-f79d-4d3d-9240-87cdf9df3633,422.9,589.8,39.3,completed,2026-09-04T17:51:20.974965,2026-09-05T03:41:11.670634
f434f2a1-8c8c-44e8-b976-c916ae4dcd9b,feb14f75-8951-4ad0-8d51-de2afe6f2595,1,ca72bc65-aac8-4954-8b12-0a27325a1ce7,faa81e93-f79d-4d3d-9240-87cdf9df3633,,376.4,466.5,48.3,completed,2026-09-05T03:41:11.670634,2026-09-05T11:27:42.539079
cb3183a6-3169-4df5-811b-9350c46deddd,6edd17dc-5147-4603-a1f7-6df1b1bfb56f,0,2d28751d-70ba-4487-82d5-095cea62b22f,,9e7e9588-92a7-42c9-9eef-e79c1acf67b7,207.7,415.4,29.1,completed,2026-09-07T08:51:20.978600,2026-09-07T15:46:47.346377
8a4c99a3-4c19-4c0c-b2d4-5e4e6953404b,6edd17dc-5147-4603-a1f7-6df1b1bfb56f,1,a7a60420-d4d7-48b2-9da8-19504b752bd6,9e7e9588-92a7-42c9-9eef-e79c1acf67b7,5dbdf32d-78de-4094-b415-861af0ca99a2,540.5,857.7,43.5,completed,2026-09-07T15:46:47.346377,2026-09-08T06:04:27.239217
e4bf015b-4d4b-4327-87fe-92544519d022,6edd17dc-5147-4603-a1f7-6df1b1bfb56f,2,4642a367-13ec-46f2-8b42-2a9b0cdc2ab5,5dbdf32d-78de-4094-b415-861af0ca99a2,,235.3,298.3,44.6,completed,2026-09-08T06:04:27.239217,2026-09-08T11:02:47.928789
d4dad77e-dbc8-465a-bf34-e1b675336dd7,b6c4a2fd-414a-4ca5-8325-bd35dae23808,0,6be0475c-e19c-4d4f-aced-f1b613d87548,,faa81e93-f79d-4d3d-9240-87cdf9df3633,970.1,1898.5,36.0,completed,2026-09-08T14:51:20.983740,2026-09-09T22:29:53.487989
cb397ea7-d37b-49c0-849d-0a6ddc8a60a3,b6c4a2fd-414a-4ca5-8325-bd35dae23808,1,8b1e91b6-790d-4773-851a-de018a249cec,faa81e93-f79d-4d3d-9240-87cdf9df3633,,688.0,1153.7,37.9,completed,2026-09-09T22:29:53.487989,2026-09-10T17:43:34.203502
0d8d9fa5-4c1f-4578-a5ae-a9fe661633a3,2bef0bac-306f-42d1-94ec-35595c9a4e5c,0,aecd6e72-018b-448f-a8dd-3e84d11fdeea,,2ddf4880-95a6-4875-857d-f1d095b7fc48,540.9,598.8,48.8,completed,2026-09-08T06:51:20.990229,2026-09-08T16:50:07.161048
0ebb4ae2-6e8c-4991-b01c-a498f036da91,2bef0bac-306f-42d1-94ec-35595c9a4e5c,1,b41f802e-0393-409e-935b-003cfa28c0bd,2ddf4880-95a6-4875-857d-f1d095b7fc48,faa81e93-f79d-4d3d-9240-87cdf9df3633,376.4,379.1,50.8,completed,2026-09-08T16:50:07.161048,2026-09-08T23:09:12.536542
7cf9342c-c7f7-4977-9564-539a99c19c10,2bef0bac-306f-42d1-94ec-35595c9a4e5c,2,0790fa20-df4f-43aa-b491-56eb44a3e0b6,faa81e93-f79d-4d3d-9240-87cdf9df3633,,422.9,554.1,42.7,completed,2026-09-08T23:09:12.536542,2026-09-09T08:23:19.796104
49685b82-470c-4953-b617-622c6c0230b8,a57e2353-29ab-422d-bdb5-a14408d848de,0,a3a4745c-eb66-433a-b40b-557c0883d783,,b091d926-3e9c-4a1f-a8da-f30db329106c,232.9,312.2,41.8,completed,2026-09-04T15:51:20.993927,2026-09-04T21:03:33.708983
5a3c1fac-ec43-415f-b898-b96bb1834b0e,a57e2353-29ab-422d-bdb5-a14408d848de,1,a3a4745c-eb66-433a-b40b-557c0883d783,b091d926-3e9c-4a1f-a8da-f30db329106c,9e7e9588-92a7-42c9-9eef-e79c1acf67b7,207.7,276.1,44.9,completed,2026-09-04T21:03:33.708983,2026-09-05T01:39:41.266999
cc9f1637-6b3f-4d5f-b3ca-2fca10f6815f,a57e2353-29ab-422d-bdb5-a14408d848de,2,310f7ff6-c724-4278-b409-74d1ab8bf019,9e7e9588-92a7-42c9-9eef-e79c1acf67b7,5dbdf32d-78de-4094-b415-861af0ca99a2,540.5,834.3,43.0,completed,2026-09-05T01:39:41.266999,2026-09-05T15:34:00.698057
82ec9c7f-9806-441c-815a-0e9229dc1cd3,a57e2353-29ab-422d-bdb5-a14408d848de,3,8b1e91b6-790d-4773-851a-de018a249cec,5dbdf32d-78de-4094-b415-861af0ca99a2,69cc852b-0428-432f-9fd5-25c49064f57d,235.3,479.1,37.2,completed,2026-09-05T15:34:00.698057,2026-09-05T23:33:04.502343
93ff2fb3-911f-4627-ac14-c8517b96a190,a57e2353-29ab-422d-bdb5-a14408d848de,4,af78bf6c-b541-45e3-93dd-9a69ae91a9ae,69cc852b-0428-432f-9fd5-25c49064f57d,,285.8,346.0,47.6,completed,2026-09-05T23:33:04.502343,2026-09-06T05:19:01.513797
7677d631-f063-49f4-af76-c4a35b76f012,a4594012-bbf2-446d-a714-2855dc66fec9,0,18302a3a-1801-411a-8579-869b4ba4edff,,,244.4,351.1,47.5,completed,2026-09-02T23:51:20.999178,2026-09-03T05:42:28.316750
4e74ee8a-8c00-4c2d-896f-ffefb25a1934,45fa3a1f-2eaa-4169-8927-2635f81a3ec8,0,34b71c44-bb25-47df-85ce-03a39fc9ac10,,5dbdf32d-78de-4094-b415-861af0ca99a2,540.5,821.0,41.3,completed,2026-09-03T15:51:21.000925,2026-09-04T05:32:19.457149
8856ca34-52de-45f8-8c49-56a7b67771f3,45fa3a1f-2eaa-4169-8927-2635f81a3ec8,1,b41f802e-0393-409e-935b-003cfa28c0bd,5dbdf32d-78de-4094-b415-861af0ca99a2,69cc852b-0428-432f-9fd5-25c49064f57d,235.3,330.0,45.5,completed,2026-09-04T05:32:19.457149,2026-09-04T11:02:19.546856
6924c41d-eab1-422c-aba6-2f71612fb614,45fa3a1f-2eaa-4169-8927-2635f81a3ec8,2,9db88e80-6a44-4430-b307-494694355bcb,69cc852b-0428-432f-9fd5-25c49064f57d,a30de39d-9e98-4258-b754-758c8da83902,285.8,388.3,43.5,completed,2026-09-04T11:02:19.546856,2026-09-04T17:30:38.818611
fe26ab35-ceff-430f-b02d-5c32f4738f25,45fa3a1f-2eaa-4169-8927-2635f81a3ec8,3,26501679-586c-4236-a890-97e1687dc818,a30de39d-9e98-4258-b754-758c8da83902,,90.0,137.0,36.8,completed,2026-09-04T17:30:38.818611,2026-09-04T19:47:41.265213
059f6686-2869-4bbf-a59d-008e72fa1704,e33254cf-95b8-4f60-8230-f59496450927,0,837cfbee-afbc-4408-b0d4-a3037b7f109f,,faa81e93-f79d-4d3d-9240-87cdf9df3633,422.9,591.7,35.4,completed,2026-09-03T11:51:21.005402,2026-09-03T21:43:00.559943
363de115-3d7c-4ce1-b726-1d8941d30328,e33254cf-95b8-4f60-8230-f59496450927,1,0eefecd2-5b8c-4f61-ae34-838b16b53659,faa81e93-f79d-4d3d-9240-87cdf9df3633,2ddf4880-95a6-4875-857d-f1d095b7fc48,376.4,398.3,54.5,completed,2026-09-03T21:43:00.559943,2026-09-04T04:21:21.190673
ef0ce30f-5636-40c1-8037-d71141646bc8,e33254cf-95b8-4f60-8230-f59496450927,2,f0496c8a-1f5c-4cdb-b570-7a6925cd94f7,2ddf4880-95a6-4875-857d-f1d095b7fc48,c2f4b9b4-48ee-4746-958f-6169ba532344,540.9,572.3,48.6,completed,2026-09-04T04:21:21.190673,2026-09-04T13:53:36.847814
81c5c294-d3c0-4a3e-b197-ef201bb30a80,e33254cf-95b8-4f60-8230-f59496450927,3,3fc6f138-6045-4882-8a16-2692f69d4228,c2f4b9b4-48ee-4746-958f-6169ba532344,,178.1,265.8,48.7,completed,2026-09-04T13:53:36.847814,2026-09-04T18:19:26.880594
4660ce78-926e-4af4-a6c0-b15661880692,c31904e6-7d6f-40dc-986e-fa6ef571fadf,0,0790fa20-df4f-43aa-b491-56eb44a3e0b6,,,970.1,1657.9,34.3,completed,2026-09-07T05:51:21.009780,2026-09-08T09:29:15.953519
acfdce2e-7934-4db1-8d06-0b2342405e9b,9ca65e3f-b8c2-495b-90f4-96f85aa6f24c,0,5a546a9f-4ddf-4c19-9b83-d659726fc137,,,376.4,506.2,46.1,completed,2026-09-08T01:51:21.012563,2026-09-08T10:17:35.459004
9f7b3653-81cd-4896-825b-cb068d9ccd3e,b3c60d41-6c15-47f8-af95-91ec3e81e315,0,69b345b3-ec55-408a-978c-9b0062c84f4a,,faa81e93-f79d-4d3d-9240-87cdf9df3633,422.9,602.8,43.3,completed,2026-09-06T20:51:21.014160,2026-09-07T06:54:07.347437
f1efbda9-5201-4fb7-86f6-a5750af472bb,b3c60d41-6c15-47f8-af95-91ec3e81e315,1,a3a4745c-eb66-433a-b40b-557c0883d783,faa81e93-f79d-4d3d-9240-87cdf9df3633,,376.4,736.6,38.8,completed,2026-09-07T06:54:07.347437,2026-09-07T19:10:44.335836
b7a9a710-d701-4bba-8a4a-dbde52c9290f,104bb4ba-8b2c-4a23-8710-a2a5108f8d73,0,5a546a9f-4ddf-4c19-9b83-d659726fc137,,,75.3,87.4,45.4,completed,2026-09-08T10:51:21.017464,2026-09-08T12:18:46.876998
c93746a0-62a5-49e3-badf-f7dfa6d08f9c,520c6a57-4fde-4cfc-a5e6-ffcdbd8077b0,0,90ef76ca-622f-43be-be2f-27f0a925941a,,,376.4,591.9,35.2,completed,2026-09-05T08:51:21.019013,2026-09-05T18:43:15.861291
cccec28f-3477-4637-9a04-f494affb37b5,85e7886d-f5b5-473c-9849-eb82d959cd4a,0,f9bb1bc7-b852-4cb0-9053-42f9f3eea8bc,,,505.8,1007.1,33.1,completed,2026-09-05T07:51:21.020806,2026-09-06T00:38:28.374143
8b7485f5-b7ed-4c5a-9121-6096fd2e60f2,a5392add-bcab-480a-81c0-c007fbe2957d,0,fc6966be-098b-43a6-a653-1fa3b599e23e,,faa81e93-f79d-4d3d-9240-87cdf9df3633,970.1,1419.2,33.8,completed,2026-09-08T17:51:21.022841,2026-09-09T17:30:33.094853
362d7731-cdbb-478b-9210-8fd9d6a464e4,a5392add-bcab-480a-81c0-c007fbe2957d,1,c787e085-877f-4d78-a2c0-2d7e54816f5c,faa81e93-f79d-4d3d-9240-87cdf9df3633,,688.0,739.1,42.6,completed,2026-09-09T17:30:33.094853,2026-09-10T05:49:40.693026
69f55fe9-3a15-4232-92ce-b238c759c141,293d3c44-d035-4d2a-9c45-9eb5065fcf1b,0,66e7f631-029c-4810-92a9-8026854edd3f,,,688.0,713.3,47.0,completed,2026-09-06T13:51:21.026323,2026-09-07T01:44:41.187204
bd780bd2-afc2-4bbf-980a-6d893e8c8ec8,414fe559-3377-4877-aee3-80844f96e4d1,0,af78bf6c-b541-45e3-93dd-9a69ae91a9ae,,,293.4,387.6,43.6,completed,2026-09-03T12:51:21.028083,2026-09-03T19:18:56.574895
fe729dc3-9539-48e3-815d-8fd8e824491b,13e0a47a-4ebc-4703-8ede-0c6c0f2d5070,0,f0496c8a-1f5c-4cdb-b570-7a6925cd94f7,,,207.7,300.9,31.6,completed,2026-09-06T12:51:21.029653,2026-09-06T17:52:16.197585
bb278ba2-ca3a-4df1-a3dc-c5a500cb9451,2b5b0dae-ee59-4b51-b78a-e270b7f87dcd,0,7c1ae16d-496a-4d0f-b401-8ae3e76b86ab,,a30de39d-9e98-4258-b754-758c8da83902,90.0,119.6,39.5,completed,2026-09-04T06:51:21.030946,2026-09-04T08:50:56.505261
c08705b3-1b0e-4065-b4cd-f9b7828edac2,2b5b0dae-ee59-4b51-b78a-e270b7f87dcd,1,6478d1df-2c1f-4f3c-aa1e-03fde769c1f7,a30de39d-9e98-4258-b754-758c8da83902,69cc852b-0428-432f-9fd5-25c49064f57d,285.8,347.8,49.5,completed,2026-09-04T08:50:56.505261,2026-09-04T14:38:42.829693
e1870265-aafc-4446-be43-6cc2c13cf310,2b5b0dae-ee59-4b51-b78a-e270b7f87dcd,2,463a85e7-e033-4bec-a267-bfa7aa85640d,69cc852b-0428-432f-9fd5-25c49064f57d,5dbdf32d-78de-4094-b415-861af0ca99a2,235.3,288.9,43.5,completed,2026-09-04T14:38:42.829693,2026-09-04T19:27:35.824208
6e67297f-dfdd-44eb-a19b-6717a59cef28,2b5b0dae-ee59-4b51-b78a-e270b7f87dcd,3,bda819c9-5bc1-45c0-b673-47f1f8fc1da8,5dbdf32d-78de-4094-b415-861af0ca99a2,,540.5,636.7,50.8,completed,2026-09-04T19:27:35.824208,2026-09-05T06:04:17.378957
c0898822-9da2-4c3e-862e-646305dcce27,9f76f166-82a1-4055-bc98-30e014f8674d,0,7d45adbe-75c3-4cdd-bd1c-4b311c5baaab,,,970.1,1341.5,45.9,completed,2026-09-06T07:51:21.034350,2026-09-07T06:12:50.059185
53d210ed-e25e-4fa8-b8dd-2fd12f943d74,128d7ddf-ef5b-4409-b236-cc51654adb98,0,5a546a9f-4ddf-4c19-9b83-d659726fc137,,2ddf4880-95a6-4875-857d-f1d095b7fc48,376.4,471.7,46.9,completed,2026-09-03T19:51:21.036680,2026-09-04T03:43:05.909244
994fe3b8-c7c1-49fd-96c9-76b949ca1397,128d7ddf-ef5b-4409-b236-cc51654adb98,1,ade5ec49-869b-47d3-b852-1a9ceedbe841,2ddf4880-95a6-4875-857d-f1d095b7fc48,,540.9,854.8,45.1,completed,2026-09-04T03:43:05.909244,2026-09-04T17:57:55.710235
39adedf4-689f-4556-bd1a-9bff4e43a578,cf6b406f-6313-4e4b-852a-0bb7ade64a0f,0,d265c88a-1052-4bc1-b426-bc9a3e77f666,,,970.1,1289.4,37.7,completed,2026-09-05T17:51:21.039450,2026-09-06T15:20:45.495284
929526df-23b2-4b88-819e-6251cedce12c,b1a09bac-4df6-4598-ad4c-8b844f405a56,0,0aa62c09-bc7a-4951-9708-4a86275ad8c6,,,422.9,552.5,44.4,completed,2026-09-06T05:51:21.041765,2026-09-06T15:03:49.091706
028d45d4-6a37-4029-9d9c-d04ceb5cc0b4,6ce6b935-b6c1-4b95-8c95-c0139be90f99,0,3fc6f138-6045-4882-8a16-2692f69d4228,,,688.0,731.6,47.3,completed,2026-09-03T16:51:21.043267,2026-09-04T05:02:56.235713
f6278f64-5592-46b2-9ee1-deace2654250,1b2da662-d0f3-476b-b094-1c651a404c89,0,7c1ae16d-496a-4d0f-b401-8ae3e76b86ab,,faa81e93-f79d-4d3d-9240-87cdf9df3633,970.1,1045.8,43.2,completed,2026-09-07T17:51:21.044927,2026-09-08T11:17:11.282073
30abac73-0d86-4efa-9e2b-e980f0e69a68,1b2da662-d0f3-476b-b094-1c651a404c89,1,6be0475c-e19c-4d4f-aced-f1b613d87548,faa81e93-f79d-4d3d-9240-87cdf9df3633,,688.0,736.8,45.1,completed,2026-09-08T11:17:11.282073,2026-09-08T23:33:58.463701
976e0352-039b-4d2b-9258-b8ed7614feed,52518033-931b-41e3-89d3-d66d7fa00d17,0,0f7a5a1e-c1b1-4db5-b7bc-22c0b78c5171,,9708822b-62d4-4ac2-ae57-f36abd36b0cb,75.3,106.4,48.7,completed,2026-09-04T13:51:21.048144,2026-09-04T15:37:45.086709
d2a027ee-0984-413a-b158-d071a332c2fd,52518033-931b-41e3-89d3-d66d7fa00d17,1,bda819c9-5bc1-45c0-b673-47f1f8fc1da8,9708822b-62d4-4ac2-ae57-f36abd36b0cb,c2f4b9b4-48ee-4746-958f-6169ba532344,244.4,499.7,32.8,completed,2026-09-04T15:37:45.086709,2026-09-04T23:57:26.444927
e0384b23-4c77-46af-b74f-a4695aa0e38e,52518033-931b-41e3-89d3-d66d7fa00d17,2,ca72bc65-aac8-4954-8b12-0a27325a1ce7,c2f4b9b4-48ee-4746-958f-6169ba532344,,178.1,257.3,37.0,completed,2026-09-04T23:57:26.444927,2026-09-05T04:14:43.493655
9bc39021-9ae5-4808-8992-30197741c48a,3d3a9c8a-cc29-4298-8cfa-0279d8e85b67,0,be09b6f7-4efa-4ac9-b363-71f395b927fa,,8fba1efa-7c25-4a5b-b271-bb1ac4460664,505.8,664.4,43.8,completed,2026-09-08T21:51:21.050754,2026-09-09T08:55:46.270557
0838fc46-f9de-4825-949f-0a7f2d08ab2a,3d3a9c8a-cc29-4298-8cfa-0279d8e85b67,1,40e70bd2-0f4c-4ed4-8b62-55fce5047760,8fba1efa-7c25-4a5b-b271-bb1ac4460664,,120.2,129.5,51.6,completed,2026-09-09T08:55:46.270557,2026-09-09T11:05:15.030543
0195e5d4-2be2-4664-af7c-747700c659d8,f933b6b9-e0e4-42c2-94ab-98b7fd6a121a,0,b41f802e-0393-409e-935b-003cfa28c0bd,,9708822b-62d4-4ac2-ae57-f36abd36b0cb,75.3,118.9,38.6,completed,2026-09-07T10:51:21.052870,2026-09-07T12:50:14.886845
e269eb88-bea8-4b3b-9ce6-f5cb6735ecba,f933b6b9-e0e4-42c2-94ab-98b7fd6a121a,1,1f148489-0bcb-4470-8354-42eed5c4f971,9708822b-62d4-4ac2-ae57-f36abd36b0cb,c2f4b9b4-48ee-4746-958f-6169ba532344,244.4,465.4,37.3,completed,2026-09-07T12:50:14.886845,2026-09-07T20:35:39.808753
9c667906-989a-4a93-8efa-32c1b7f3efc8,f933b6b9-e0e4-42c2-94ab-98b7fd6a121a,2,1f148489-0bcb-4470-8354-42eed5c4f971,c2f4b9b4-48ee-4746-958f-6169ba532344,,178.1,253.5,40.8,completed,2026-09-07T20:35:39.808753,2026-09-08T00:49:08.858259
962fe389-04a7-468f-ae6d-7f6e54d0bcd1,cf045de9-7cb1-4504-b2ff-dfb577996e52,0,083442ef-2844-4bf4-90c7-0a4c51e16ed0,,faa81e93-f79d-4d3d-9240-87cdf9df3633,970.1,1888.6,38.2,completed,2026-09-05T11:51:21.055348,2026-09-06T19:19:54.840145
8fd4facc-aaa6-459f-88c5-bf852eeebf5e,cf045de9-7cb1-4504-b2ff-dfb577996e52,1,af78bf6c-b541-45e3-93dd-9a69ae91a9ae,faa81e93-f79d-4d3d-9240-87cdf9df3633,,688.0,1056.1,43.8,completed,2026-09-06T19:19:54.840145,2026-09-07T12:56:02.110140
2811bcba-52f8-4780-a476-6a148957fb18,b28b46e2-487b-4608-8065-eed0e31e703e,0,9db88e80-6a44-4430-b307-494694355bcb,,288de4cd-bf1a-4a25-847c-68865d138b36,422.9,507.1,44.9,completed,2026-09-07T17:51:21.059754,2026-09-08T02:18:28.543366
84351781-ea6e-4fea-881c-19d9e8d1c829,b28b46e2-487b-4608-8065-eed0e31e703e,1,5a546a9f-4ddf-4c19-9b83-d659726fc137,288de4cd-bf1a-4a25-847c-68865d138b36,,500.0,595.5,51.6,completed,2026-09-08T02:18:28.543366,2026-09-08T12:14:00.080164
9b74bd50-af68-42e2-ac91-28f15ff0d193,cfc16c97-c1c1-4e6c-a0e6-30c0a4dd3ec3,0,a3a4745c-eb66-433a-b40b-557c0883d783,,,293.4,331.8,43.2,completed,2026-09-06T03:51:21.062363,2026-09-06T09:23:11.468817
8cb7d1f2-f457-4df1-99f4-17b9b764d8d1,5062dcd1-8737-4dbb-b318-331142c04236,0,26501679-586c-4236-a890-97e1687dc818,,,500.0,616.2,44.3,completed,2026-09-06T05:51:21.063741,2026-09-06T16:07:32.260998
9adb2aa6-70a9-4d14-b3dc-4ff24ad37215,6ab90ce1-d6c0-4a97-9bed-73022cf75ced,0,f0496c8a-1f5c-4cdb-b570-7a6925cd94f7,,c2f4b9b4-48ee-4746-958f-6169ba532344,178.1,163.1,53.1,completed,2026-09-03T07:51:21.067039,2026-09-03T10:34:29.257029
43110070-a715-4f8d-a9d9-30433ab82463,6ab90ce1-d6c0-4a97-9bed-73022cf75ced,1,b41f802e-0393-409e-935b-003cfa28c0bd,c2f4b9b4-48ee-4746-958f-6169ba532344,,244.4,390.6,39.9,completed,2026-09-03T10:34:29.257029,2026-09-03T17:05:03.447200
0caf0ad7-33c8-457b-9955-260e36543b51,d76c9fe0-205e-4cc5-a7e0-7dc070d9e3db,0,0b6812d6-5270-4d50-bba5-1cd2f77ebe2e,,c2f4b9b4-48ee-4746-958f-6169ba532344,178.1,304.9,35.6,completed,2026-09-03T03:51:21.069104,2026-09-03T08:56:17.257059
81663c92-09e9-4c28-be4d-ab466508d58f,d76c9fe0-205e-4cc5-a7e0-7dc070d9e3db,1,894888f1-c248-403f-aca9-cddaac265db4,c2f4b9b4-48ee-4746-958f-6169ba532344,2ddf4880-95a6-4875-857d-f1d095b7fc48,540.9,719.5,37.5,completed,2026-09-03T08:56:17.257059,2026-09-03T20:55:44.665445
fde9bc39-d784-4d40-8294-e4a27371e59f,d76c9fe0-205e-4cc5-a7e0-7dc070d9e3db,2,4642a367-13ec-46f2-8b42-2a9b0cdc2ab5,2ddf4880-95a6-4875-857d-f1d095b7fc48,,376.4,568.8,41.7,completed,2026-09-03T20:55:44.665445,2026-09-04T06:24:31.873286
cb479a4d-d889-4319-a6e3-fbbcf830befa,41b52b85-3c9b-4109-b48f-6c64e57667ba,0,0b6812d6-5270-4d50-bba5-1cd2f77ebe2e,,,232.9,527.0,28.1,completed,2026-09-07T18:51:21.072548,2026-09-08T03:38:21.096583
2e82d889-ac25-48ca-9bba-14a9a3afdd78,3b8046ac-f836-4e1d-8266-01fade9be5a8,0,ca72bc65-aac8-4954-8b12-0a27325a1ce7,,8fba1efa-7c25-4a5b-b271-bb1ac4460664,120.2,190.5,41.0,completed,2026-09-04T08:51:21.074193,2026-09-04T12:01:52.180450
1909789e-3db2-4561-b7c5-154f468c06cb,3b8046ac-f836-4e1d-8266-01fade9be5a8,1,1f148489-0bcb-4470-8354-42eed5c4f971,8fba1efa-7c25-4a5b-b271-bb1ac4460664,,505.8,736.4,46.0,completed,2026-09-04T12:01:52.180450,2026-09-05T00:18:17.599111
6c81ea4f-a421-4089-a918-8c1aebb76fae,d789ef60-156f-46b8-a445-8128a5d9b9ba,0,8a6a00d5-73da-4ff5-9558-5f0841ca0cde,,,688.0,900.4,43.8,completed,2026-09-04T17:51:21.076569,2026-09-05T08:51:47.747666
d3d4978f-6a7c-484d-ae33-c8dd05af9961,9191378a-e629-4a44-aa64-9fb6986f8766,0,0eefecd2-5b8c-4f61-ae34-838b16b53659,,8fba1efa-7c25-4a5b-b271-bb1ac4460664,120.2,141.1,41.5,completed,2026-09-07T18:51:21.078641,2026-09-07T21:12:25.924508
1f6b5bca-1012-4d93-93bb-be0b4a6d3871,9191378a-e629-4a44-aa64-9fb6986f8766,1,69b345b3-ec55-408a-978c-9b0062c84f4a,8fba1efa-7c25-4a5b-b271-bb1ac4460664,,505.8,651.5,47.4,completed,2026-09-07T21:12:25.924508,2026-09-08T08:03:53.325374
66917386-495f-46d8-802a-64ceece67bb1,6bad05ee-bd8c-4d27-8612-4907adb011c2,0,310f7ff6-c724-4278-b409-74d1ab8bf019,,faa81e93-f79d-4d3d-9240-87cdf9df3633,422.9,691.9,42.2,completed,2026-09-07T22:51:21.080857,2026-09-08T10:23:12.878581
c6cd9ccb-93aa-4d8b-aef2-f402b4406ab0,6bad05ee-bd8c-4d27-8612-4907adb011c2,1,b41f802e-0393-409e-935b-003cfa28c0bd,faa81e93-f79d-4d3d-9240-87cdf9df3633,,376.4,509.1,47.2,completed,2026-09-08T10:23:12.878581,2026-09-08T18:52:17.530172
1a509da8-cf0e-45de-86a5-b22ccd3ac03f,5582a6fc-d314-4cb8-843b-b3ec59f885fc,0,463a85e7-e033-4bec-a267-bfa7aa85640d,,2ddf4880-95a6-4875-857d-f1d095b7fc48,540.9,718.0,48.7,completed,2026-09-07T05:51:21.083485,2026-09-07T17:49:19.066688
a55829f9-d2a8-4024-8240-743bd7d7a1eb,5582a6fc-d314-4cb8-843b-b3ec59f885fc,1,69dc041e-ef44-4acf-ba8b-2d8da688425f,2ddf4880-95a6-4875-857d-f1d095b7fc48,faa81e93-f79d-4d3d-9240-87cdf9df3633,376.4,689.7,37.1,completed,2026-09-07T17:49:19.066688,2026-09-08T05:18:58.764381
f4412f93-dd65-465b-92bd-055068648c85,5582a6fc-d314-4cb8-843b-b3ec59f885fc,2,8462dc55-59d5-47f4-8209-5f47c6bf99ca,faa81e93-f79d-4d3d-9240-87cdf9df3633,288de4cd-bf1a-4a25-847c-68865d138b36,422.9,573.9,51.0,completed,2026-09-08T05:18:58.764381,2026-09-08T14:52:54.568691
8e5bc9fa-0451-48e8-b6bf-1d4ed930d60a,5582a6fc-d314-4cb8-843b-b3ec59f885fc,3,aecd6e72-018b-448f-a8dd-3e84d11fdeea,288de4cd-bf1a-4a25-847c-68865d138b36,,500.0,816.0,37.7,completed,2026-09-08T14:52:54.568691,2026-09-09T04:28:56.406505
0518993a-af35-477f-92b0-f3c81b4696e0,053210c9-ec35-4da6-a03a-d3a15255da0d,0,5a546a9f-4ddf-4c19-9b83-d659726fc137,,,285.8,517.2,37.0,completed,2026-09-04T01:51:21.089135,2026-09-04T10:28:35.067586
2dcf98c7-54fc-4df1-95b1-c1cd39f46ff8,32f4bef5-4c9d-4c09-a6ef-254e19b393e0,0,ca72bc65-aac8-4954-8b12-0a27325a1ce7,,,207.7,292.9,42.9,completed,2026-09-04T23:51:21.095253,2026-09-05T04:44:17.895046
2652d9c8-3413-488e-9ea8-f9d6cf611117,fe1d4241-c32b-4fde-96d7-21d2c54f53ed,0,0aa62c09-bc7a-4951-9708-4a86275ad8c6,,,293.4,482.2,42.6,completed,2026-09-05T11:51:21.096663,2026-09-05T19:53:34.864921
e9022e18-6e28-4340-af76-9e834976ed96,13b21677-5c6b-4043-a337-79546aecda05,0,c787e085-877f-4d78-a2c0-2d7e54816f5c,,,500.0,826.5,40.1,completed,2026-09-08T18:51:21.098167,2026-09-09T08:37:50.236222
6e838c8d-3b66-4ddf-95ba-ff0caa33ed64,fff282c2-d480-40de-93de-6a72e3f26ea6,0,be09b6f7-4efa-4ac9-b363-71f395b927fa,,,688.0,751.4,53.5,completed,2026-09-03T07:51:21.100122,2026-09-03T20:22:44.378503
ed6039f7-e677-4241-b978-d50361a90e57,1a918a2e-aa37-4990-a365-d453cc6f3025,0,69dc041e-ef44-4acf-ba8b-2d8da688425f,,,688.0,1158.8,40.5,completed,2026-09-04T06:51:21.101954,2026-09-05T02:10:09.829859
f16fadd4-9280-48ce-8080-3061665ca1a7,70adedd1-db57-4fbc-b9da-454a44d4fb52,0,0790fa20-df4f-43aa-b491-56eb44a3e0b6,,288de4cd-bf1a-4a25-847c-68865d138b36,500.0,420.4,47.5,completed,2026-09-08T14:51:21.104113,2026-09-08T21:51:44.030010
70047e07-20ff-4f9e-ad6a-00d382809175,70adedd1-db57-4fbc-b9da-454a44d4fb52,1,01d788c4-9b57-4add-abf0-739f958b4aa3,288de4cd-bf1a-4a25-847c-68865d138b36,,422.9,780.3,35.9,completed,2026-09-08T21:51:44.030010,2026-09-09T10:51:59.900290
cb68f775-4ef4-44eb-bc70-a902814edeb4,b5bcc53c-f2b8-4044-bb2f-64d2de464a90,0,c787e085-877f-4d78-a2c0-2d7e54816f5c,,faa81e93-f79d-4d3d-9240-87cdf9df3633,970.1,1581.7,44.0,completed,2026-09-07T17:51:21.106792,2026-09-08T20:13:00.406682
183f6deb-41cb-4741-b4ed-8e21c4285dcc,b5bcc53c-f2b8-4044-bb2f-64d2de464a90,1,5a546a9f-4ddf-4c19-9b83-d659726fc137,faa81e93-f79d-4d3d-9240-87cdf9df3633,,688.0,1273.7,40.7,completed,2026-09-08T20:13:00.406682,2026-09-09T17:26:43.103398
fc4c1ee2-888a-40ad-858d-da58bfdf0311,717e7373-9d18-432e-8df1-521f82642407,0,0f7a5a1e-c1b1-4db5-b7bc-22c0b78c5171,,c2f4b9b4-48ee-4746-958f-6169ba532344,178.1,235.4,43.8,completed,2026-09-08T20:51:21.111098,2026-09-09T00:46:45.630725
30f0b51d-8305-48d8-9410-481bd4ee5f64,717e7373-9d18-432e-8df1-521f82642407,1,01d788c4-9b57-4add-abf0-739f958b4aa3,c2f4b9b4-48ee-4746-958f-6169ba532344,9708822b-62d4-4ac2-ae57-f36abd36b0cb,244.4,360.6,38.4,completed,2026-09-09T00:46:45.630725,2026-09-09T06:47:21.105964
25c6603e-6ff5-4df2-a199-8f7a7144994c,717e7373-9d18-432e-8df1-521f82642407,2,be09b6f7-4efa-4ac9-b363-71f395b927fa,9708822b-62d4-4ac2-ae57-f36abd36b0cb,,75.3,165.8,30.3,completed,2026-09-09T06:47:21.105964,2026-09-09T09:33:09.316106
8b4eccb9-4c54-43e2-8ed2-60432b8b212f,57a5accd-2d0f-44a2-bb12-4eaece102dea,0,463a85e7-e033-4bec-a267-bfa7aa85640d,,,178.1,295.3,38.6,completed,2026-09-03T21:51:21.113729,2026-09-04T02:46:36.929255
96727785-2a1a-44bd-a559-1542c9a73f90,8b3c4114-f333-4b11-ba20-da9f1ab50da0,0,bda819c9-5bc1-45c0-b673-47f1f8fc1da8,,,422.9,925.4,29.3,completed,2026-09-03T00:51:21.115041,2026-09-03T16:16:45.379761
